Country,Jan2020_cases,Jan2020_deaths,Feb2020_cases,Feb2020_deaths,Mar2020_cases,Mar2020_deaths,Apr2020_cases,Apr2020_deaths,May2020_cases,May2020_deaths,Jun2020_cases,Jun2020_deaths,Jul2020_cases,Jul2020_deaths,Aug2020_cases,Aug2020_deaths,Sep2020_cases,Sep2020_deaths,Oct2020_cases,Oct2020_deaths,Nov2020_cases,Nov2020_deaths,Dec2020_cases,Dec2020_deaths,Jan2021_cases,Jan2021_deaths,Feb2021_cases,Feb2021_deaths,Mar2021_cases,Mar2021_deaths,Apr2021_cases,Apr2021_deaths,May2021_cases,May2021_deaths,Jun2021_cases,Jun2021_deaths,Jul2021_cases,Jul2021_deaths,Aug2021_cases,Aug2021_deaths,Sep2021_cases,Sep2021_deaths,Oct2021_cases,Oct2021_deaths,Nov2021_cases,Nov2021_deaths,Dec2021_cases,Dec2021_deaths,Jan2022_cases,Jan2022_deaths,Feb2022_cases,Feb2022_deaths,Mar2022_cases,Mar2022_deaths,Apr2022_cases,Apr2022_deaths,May2022_cases,May2022_deaths,Jun2022_cases,Jun2022_deaths,Jul2022_cases,Jul2022_deaths,Aug2022_cases,Aug2022_deaths,Sep2022_cases,Sep2022_deaths,Oct2022_cases,Oct2022_deaths,Nov2022_cases,Nov2022_deaths,Dec2022_cases,Dec2022_deaths,Jan2023_cases,Jan2023_deaths,Feb2023_cases,Feb2023_deaths,Mar2023_cases,Mar2023_deaths,Death_Rate
Afghanistan,0,0,5,0,166,4,1827,60,15180,254,31445,739,36628,1275,38248,1406,39354,1462,41334,1533,46215,1763,52330,2189,55023,2400,55714,2443,56454,2484,59745,2625,71838,2944,118659,4871,147154,6708,153220,7118,155174,7204,156250,7280,157289,7308,158084,7356,162926,7414,173659,7598,177747,7670,178879,7683,180347,7705,182528,7723,185749,7748,193250,7777,199188,7800,203063,7822,205907,7833,207559,7849,208545,7882,209322,7896,209451,7896,3.7698554793245203
Albania,0,0,0,0,243,15,773,31,1137,33,2535,62,5276,157,9513,284,13649,387,20875,509,38182,810,58316,1181,78127,1380,107167,1796,125157,2235,131085,2394,132315,2451,132521,2456,133081,2457,146387,2498,170131,2698,185300,2924,199945,3096,210224,3217,258543,3346,271563,3469,273677,3492,275107,3496,276101,3497,280851,3500,312097,3545,329352,3582,332221,3589,332966,3593,333343,3594,333806,3595,334167,3596,334391,3598,334457,3598,1.075773567304616
Algeria,0,0,1,0,716,44,4006,450,9394,653,13907,912,30394,1210,44494,1510,51530,1736,57942,1964,83199,2431,99610,2756,107339,2891,113092,2983,117192,3093,122108,3253,128913,3472,139626,3716,171392,4254,196080,5269,203359,5812,206452,5920,210531,6071,218432,6276,252117,6579,264936,6835,265671,6874,265780,6875,265884,6875,266087,6875,267454,6876,270304,6878,270673,6879,270838,6881,271090,6881,271228,6881,271378,6881,271441,6881,271496,6881,2.534475646050034
Andorra,0,0,0,0,376,12,745,42,764,51,855,52,925,52,1176,53,2050,53,4756,75,6745,76,8049,84,9937,101,10866,110,12010,115,13232,125,13727,127,13911,127,14678,128,15033,130,15222,130,15516,130,17115,131,23740,140,35958,145,37999,151,40024,153,41349,153,42894,153,43774,153,45508,153,46027,154,46227,155,46535,155,47219,157,47751,165,47839,165,47866,165,47890,165,0.34453956984756734
Angola,0,0,0,0,7,2,27,2,86,4,284,13,1148,52,2654,108,4972,183,10805,284,15139,348,17553,405,19796,466,20807,508,22311,537,26652,596,34551,766,38849,900,42777,1011,47544,1217,56583,1537,64433,1710,65168,1733,81593,1770,98116,1895,98741,1900,99169,1900,99287,1900,99761,1900,101320,1900,102301,1912,102636,1917,103131,1917,103131,1917,104676,1924,105095,1930,105184,1931,105255,1933,105288,1933,1.835916723653218
Antarctica,0,0,0,0,0,0,0,0,0,0,0,0,0,0,0,0,0,0,0,0,0,0,0,0,0,0,0,0,0,0,0,0,0,0,0,0,0,0,0,0,0,0,0,0,0,0,11,0,11,0,11,0,11,0,11,0,11,0,11,0,11,0,11,0,11,0,11,0,11,0,11,0,11,0,11,0,11,0,0.0
Antigua and Barbuda,0,0,0,0,7,0,24,3,26,3,69,3,91,3,94,3,101,3,128,3,141,4,159,5,234,7,730,14,1136,28,1232,32,1260,42,1263,42,1303,43,1715,44,3231,79,4058,102,4141,117,4283,119,6627,127,7437,135,7491,135,7626,136,8253,138,8641,141,8773,144,8974,145,9098,146,9106,146,9106,146,9106,146,9106,146,9106,146,9106,146,1.6033384581594552
Argentina,0,0,0,0,1054,27,4428,218,16851,539,64530,1307,191302,3543,417735,8660,751001,16937,1166924,31002,1424533,38730,1625514,43245,1927239,47974,2107365,51965,2348821,55858,2977363,63865,3781784,78093,4470374,94304,4929764,105721,5185620,111812,5256902,115179,5288807,115950,5330748,116589,5654408,117169,8378656,121273,8900656,126152,9037911,128019,9072230,128542,9230573,128889,9367172,129070,9560307,129369,9678225,129711,9708420,129897,9718875,129991,9727247,130025,9891139,130124,10037135,130421,10044125,130463,10044957,130472,1.2988806223859395
Armenia,0,0,0,0,532,3,2066,32,9282,131,25542,443,38550,738,43781,879,50359,959,89813,1341,135124,2164,159409,2823,167026,3080,172058,3192,192639,3515,216064,4108,222670,4438,225095,4514,230110,4614,242135,4844,261697,5319,308326,6328,338518,7567,344930,7972,367795,8053,419832,8461,422519,8613,422867,8622,422963,8625,423243,8629,425365,8633,434398,8655,442875,8683,445242,8709,445737,8710,445976,8716,446008,8717,446819,8721,447308,8727,1.951004676866946
Australia,9,0,25,0,4559,18,6766,93,7202,103,7920,104,17280,201,25819,657,27096,888,27595,907,27912,908,28425,909,28818,909,28978,909,29322,909,29811,910,30118,910,30643,910,34383,924,55093,1012,107181,1311,172030,1743,211655,2011,425496,2253,2580386,3835,3235017,5210,4573066,6008,5953142,7250,7312408,8558,8164673,9930,9435839,11865,10042081,13961,10239653,15221,10379442,15665,10659898,16137,11131707,17052,11295446,18615,11366361,19373,11399460,19574,0.1717098880122392
Austria,0,0,3,0,9264,134,15402,635,16610,741,17629,810,20873,848,27131,903,44231,994,101467,1431,278500,4084,356063,7486,409286,9393,452646,10432,537302,11404,611569,12416,639722,12922,645936,13070,654243,13135,682620,13227,737702,13506,822260,13946,1147912,15405,1270811,16815,1835602,17207,2671323,17911,3842048,18952,4174744,19726,4288153,19927,4459767,20048,4774043,20317,4956010,20639,5131527,20743,5439567,20981,5561633,21210,5705093,21443,5780229,21689,5911294,21887,5961143,21970,0.3685534804315213
Azerbaijan,0,0,0,0,298,5,1804,24,5494,63,17524,213,31878,448,36435,534,40229,591,55269,730,121176,1392,218700,2641,230219,3132,234537,3220,261713,3567,319109,4517,333956,4913,336047,4974,343849,5023,424891,5636,483902,6525,531370,7074,588318,7856,616947,8358,658470,8734,785670,9417,791932,9692,792562,9709,792767,9713,793176,9717,798838,9748,813437,9805,821440,9917,823258,9944,824337,9980,826401,10008,827944,10085,828548,10119,828825,10138,1.2231773896781588
Bahamas,0,0,0,0,14,0,81,11,102,11,104,11,574,14,2217,50,4123,96,6714,144,7541,163,7871,170,8174,176,8519,179,9119,188,10453,199,11796,230,12586,246,14840,287,18139,354,20984,531,22351,643,22791,671,24476,717,32562,746,33135,771,33283,788,33558,798,34759,810,35975,817,36724,822,37075,823,37290,833,37386,833,37483,833,37491,833,37491,833,37491,833,37491,833,2.2218665813128484
Bahrain,0,0,41,0,567,4,3040,8,11398,19,26758,87,40982,147,51972,190,70864,251,81645,321,86956,341,92675,352,103057,375,122394,449,144445,521,176934,646,240531,980,265827,1352,269186,1384,272540,1388,275057,1389,276829,1393,277690,1394,282062,1394,374575,1408,514883,1454,554469,1471,568706,1475,585665,1488,625856,1492,659647,1509,671697,1515,680559,1520,690187,1528,696332,1536,698737,1539,700452,1543,707480,1548,710693,1553,0.21851910740643288
Bangladesh,0,0,0,0,51,5,7667,168,47153,650,145483,1847,237661,3111,312996,4281,363479,5251,407684,5923,464932,6644,513510,7559,535139,8127,546216,8408,611295,9046,759132,11450,800540,12619,913258,14503,1249484,20685,1500618,26195,1555911,27510,1569539,27868,1576284,27981,1585539,28072,1798833,28394,1943577,29037,1951577,29122,1952691,29127,1953507,29131,1973789,29149,2005257,29291,2011946,29323,2025197,29363,2035240,29423,2036585,29433,2037125,29440,2037556,29442,2037773,29445,2037871,29445,1.4448902801011447
Barbados,0,0,0,0,34,0,81,7,92,7,97,7,110,7,174,7,190,7,237,7,276,7,383,7,1545,14,3068,33,3652,42,3855,44,4017,47,4081,47,4390,48,5032,50,8381,74,17763,153,25316,229,28565,260,44430,280,55165,316,59272,374,70080,394,80654,450,84421,477,92086,493,101120,542,102580,560,103014,560,104416,567,105515,568,106157,571,106645,575,106798,579,0.5421449839884642
Belarus,0,0,1,0,152,1,14027,89,42556,235,62118,392,67808,559,71843,681,78631,833,98482,980,136647,1158,194284,1424,248336,1718,287306,1976,321807,2247,358738,2542,394439,2851,417189,3143,446040,3454,481532,3780,538086,4143,600168,4631,654718,5081,699110,5578,742953,6052,919736,6480,962707,6819,980345,6947,982867,6978,982867,6978,994037,7118,994037,7118,994037,7118,994037,7118,994037,7118,994037,7118,994037,7118,994037,7118,994037,7118,0.7160699249625517
Belgium,0,0,1,0,12775,705,48519,7594,58381,9467,61427,9747,68751,9841,85236,9895,118452,10016,429229,11625,577345,16645,646496,19528,710153,21092,771511,22077,882453,23016,990229,24230,1062001,24955,1085131,25173,1124715,25241,1184664,25380,1244954,25602,1360650,25994,1766035,27015,2105343,28331,3155239,29052,3557314,30179,3851048,30826,4056448,31439,4152558,31754,4246078,31918,4414255,32228,4482315,32516,4544505,32673,4612239,32902,4639411,33061,4668248,33228,4691499,33557,4717655,33717,4739365,33814,0.7134711084712826
Belize,0,0,0,0,3,0,18,2,18,2,24,2,48,2,1007,13,1992,27,3487,59,5854,148,10776,248,11908,301,12293,315,12456,317,12668,323,12809,324,13251,329,14163,337,16353,362,20801,414,26798,491,30431,578,32840,602,50487,625,56694,650,57280,654,57497,676,59365,677,63966,680,67111,680,68302,680,68854,686,68943,687,69048,688,69946,688,70660,688,70757,688,70757,688,0.972341959099453
Benin,0,0,0,0,9,0,64,1,232,3,1199,21,1805,36,2145,40,2357,41,2643,41,3015,43,3251,44,3893,52,5434,70,7100,90,7821,99,8058,101,8199,104,8394,108,13366,128,23890,159,24749,161,24850,161,24935,161,26450,163,26567,163,26952,163,26952,163,26952,163,27216,163,27316,163,27490,163,27638,163,27782,163,27980,163,27982,163,27989,163,27990,163,27999,163,0.5821636487017393
Bhutan,0,0,0,0,4,0,7,0,43,0,77,0,101,0,225,0,282,0,349,0,410,0,670,0,859,1,867,1,873,1,1074,1,1620,1,2100,1,2515,2,2596,3,2601,3,2621,3,2640,3,2660,3,4891,4,12702,6,28101,10,59163,21,59628,21,59729,21,60368,21,61076,21,61969,21,62380,21,62503,21,62524,21,62605,21,62615,21,62627,21,0.033531863253868144
Bolivia,0,0,0,0,107,6,1167,62,9982,313,33219,1123,76789,2977,116598,5027,135311,7965,141757,8725,144708,8957,160124,9165,216835,10379,249010,11649,272411,12257,303732,12951,371279,14524,439624,16767,473506,17821,490879,18452,500445,18735,513584,18925,537559,19171,599753,19680,855705,20951,893395,21438,901943,21894,904974,21910,908862,21948,926718,21953,1037500,22061,1101652,22198,1108262,22237,1109447,22239,1111086,22247,1161018,22299,1187986,22346,1193009,22365,1194277,22365,1.872681128414932
Bosnia and Herzegovina,0,0,0,0,420,13,1757,69,2510,153,4453,186,11876,339,19964,609,27469,856,50090,1234,87901,2681,110985,4050,121497,4679,130979,5071,169626,6599,198461,8551,204012,9253,205022,9665,205655,9687,213853,9803,234775,10606,252758,11495,275065,12586,291313,13442,347467,14447,371202,15459,375440,15713,377087,15765,377904,15788,378716,15806,384976,15853,395850,16050,398750,16137,399963,16174,400548,16202,400992,16227,401384,16255,401575,16278,401729,16280,4.052483141620346
Botswana,0,0,0,0,4,1,23,1,35,1,227,1,804,2,1633,6,3172,16,6642,24,10742,34,14805,42,21293,134,28371,310,39848,568,46934,712,54973,849,69680,1125,106690,1569,156927,2261,179220,2368,186594,2406,195068,2418,219509,2444,253036,2581,263950,2619,305526,2686,305984,2688,308126,2697,322769,2750,325470,2770,325864,2778,326308,2789,326344,2790,326633,2790,327860,2794,329227,2800,329727,2801,329758,2801,0.849410780026565
Brazil,0,0,2,0,5717,201,87187,6006,516137,29367,1412669,59792,2670451,92728,3914829,121618,4817365,144078,5537763,159972,6341965,173268,7681032,195072,9208521,224648,10558091,255179,12763392,322138,14675104,404530,16557888,463244,18570296,518488,19922146,556676,20785196,580764,21432362,597032,21814625,608082,22100143,614985,22291839,619334,25463530,627589,28796571,649676,29951670,660022,30448236,663736,31019038,666676,32358018,671416,33833900,678514,34429853,683965,34672524,686036,34828749,688157,35227599,689665,36331281,693853,36824580,697074,37052936,699087,37076053,699276,1.8860583676477103
Brunei,0,0,0,0,129,1,138,1,141,2,141,3,141,3,144,3,146,3,148,3,150,3,157,3,180,3,186,3,212,3,224,3,242,3,260,3,337,3,2712,9,7116,42,13130,88,15058,97,15470,98,16476,98,63542,125,134412,208,141850,218,148674,223,163900,225,205890,225,220245,225,227756,225,237656,225,257921,225,266819,225,276067,225,277992,225,279661,225,0.0804545503305788
Bulgaria,0,0,0,0,399,8,1506,66,2513,140,4989,230,11690,383,16266,629,20833,825,52844,1279,145300,4035,202266,7576,218748,9045,247038,10191,342633,13197,404380,16399,418577,17700,421829,18061,425054,18213,455742,18896,502162,20882,602492,23999,695057,28453,747108,30955,951965,33318,1091279,35581,1138923,36529,1156729,36913,1165167,37148,1172239,37255,1206688,37377,1242910,37603,1259471,37718,1279082,37880,1287256,38039,1292104,38108,1295426,38179,1296853,38217,1297523,38228,2.946229084185791
Burkina Faso,0,0,0,0,261,14,645,43,847,53,962,53,1106,53,1368,55,2056,58,2500,67,2886,68,6707,85,10682,120,11982,142,12717,146,13310,157,13434,166,13479,168,13573,169,13777,171,14243,184,14793,214,16000,286,17632,318,20624,366,20751,375,20853,382,20865,383,20899,384,21044,387,21128,387,21128,387,21631,387,21631,387,21631,387,22006,395,22025,396,22056,396,22056,396,1.7954298150163224
Burma,0,0,0,0,15,1,151,6,224,6,299,6,353,6,882,6,13373,310,52706,1237,90713,1941,124630,2682,140145,3131,141896,3199,142434,3206,142817,3209,143629,3217,157277,3334,299185,9334,399282,15389,464076,17735,500073,18697,522402,19104,530834,19268,535532,19310,587891,19368,611587,19430,612883,19434,613336,19434,613596,19434,614092,19434,615221,19438,622802,19459,631716,19482,633245,19488,633683,19490,633820,19490,633918,19490,633950,19490,3.0743749507058915
Burundi,0,0,0,0,2,0,11,1,63,1,170,1,387,1,445,1,508,1,585,1,688,1,818,2,1632,2,2209,3,2810,6,3995,6,4790,6,5452,8,7080,9,11994,38,17728,38,20039,38,20415,38,27366,38,37432,38,38127,38,38509,38,39998,38,42034,38,42658,38,45308,38,49287,38,50193,38,50470,38,51018,38,51722,38,53355,38,53609,38,53631,38,0.07085454308142679
Cabo Verde,0,0,0,0,6,1,121,1,435,4,1227,15,2451,23,3884,40,6024,60,8793,95,10761,105,11840,113,14070,134,15400,147,17470,168,23882,217,30439,264,32457,286,33791,298,35354,313,37576,339,38215,349,38370,349,41732,352,55695,396,55886,401,55952,401,56022,401,56324,402,60542,405,62159,410,62320,410,62374,410,62397,410,63037,412,63200,412,63229,413,63244,413,63244,413,0.6530263740433875
Cambodia,1,0,1,0,109,0,122,0,125,0,141,0,239,0,274,0,277,0,291,0,326,0,378,0,466,0,820,0,2440,11,13402,93,30094,214,50385,602,77243,1397,93055,1903,112651,2319,118522,2788,120134,2940,120493,3012,121355,3015,130276,3032,135625,3054,136251,3056,136262,3056,136279,3056,136789,3056,137620,3056,137877,3056,137991,3056,138099,3056,138584,3056,138693,3056,138717,3056,138719,3056,2.203014727614818
Cameroon,0,0,0,0,193,6,1832,61,5904,191,12592,313,17255,391,19142,411,20838,418,21793,426,24445,437,26277,448,29617,462,35714,551,47669,721,72250,1107,78929,1275,80858,1324,82064,1334,83425,1350,92303,1459,102499,1686,106794,1791,109367,1851,116718,1880,119240,1923,119544,1927,119780,1927,119947,1930,120068,1931,120215,1931,121652,1935,121652,1935,123629,1960,123993,1965,123993,1965,123993,1965,124392,1965,124392,1965,1.5796835809376808
Canada,4,0,33,0,10711,152,57214,4055,92067,7828,104608,8722,116886,8981,129594,9147,162560,9343,237844,10226,383468,12223,590249,15736,782912,20033,870022,21995,990662,22960,1230530,24220,1387091,25548,1419748,26296,1434967,26599,1504281,26933,1629026,27863,1720166,28970,1798195,29688,2223735,30320,3073654,33870,3302400,36594,3489910,37597,3765164,39265,3884160,41019,3962334,41952,4092722,42951,4194892,44165,4279316,45421,4368845,46674,4432426,48002,4505142,49238,4564114,50561,4602806,51405,4617095,51720,1.1201848781539043
Central African Republic,0,0,0,0,3,0,50,0,1011,2,3745,47,4608,59,4711,62,4829,62,4866,62,4913,63,4963,63,4981,63,5004,63,5161,67,6411,88,7091,98,7141,98,7151,98,11296,100,11371,100,11518,100,11708,101,12163,101,13919,110,14225,113,14649,113,14649,113,14649,113,14649,113,14764,113,14862,113,14913,113,15260,113,15311,113,15351,113,15368,113,15368,113,15368,113,0.7352941176470588
Chad,0,0,0,0,7,0,73,5,778,65,866,74,936,75,1013,77,1200,85,1483,98,1688,101,2113,104,3376,118,3973,140,4533,164,4817,170,4931,173,4951,174,4973,174,4992,174,5038,174,5069,174,5107,175,5703,181,7155,190,7255,190,7310,191,7411,193,7417,193,7425,193,7432,193,7538,193,7583,193,7627,194,7646,194,7650,194,7652,194,7678,194,7679,194,2.526370621174632
Chile,0,0,2,0,2844,12,17702,227,123550,1054,279393,5688,355667,9457,411726,11289,462991,12741,510256,14207,551743,15410,608973,16608,727109,18452,824625,20572,995538,23135,1198245,26353,1384346,29300,1555902,32545,1615771,35448,1638675,36937,1654264,37468,1695048,37757,1762751,38346,1806494,39115,2165984,39721,3061019,42353,3470936,56580,3558631,57527,3702941,57892,3990693,58479,4241546,59577,4508422,60451,4624307,61154,4760186,61677,4920010,62422,5037527,63172,5118981,63812,5166328,64175,5192286,64273,1.2378555418557453
China,9802,213,79356,2837,83786,3323,86828,4697,87496,4708,88311,4713,91500,4733,94310,4796,95536,4813,97153,4814,99245,4827,102571,4881,107827,4960,108997,5009,110109,5023,111290,5030,112286,5031,113577,5033,115341,5047,117950,5056,119726,5069,121396,5079,123638,5089,127896,5103,134345,5119,400569,5655,1385495,12749,2015624,14621,2096684,14897,2134718,14927,2260777,15046,2498088,15240,2757442,15713,2952291,15952,3719252,15986,4584205,17102,4903497,97663,4903524,101048,4903524,101056,2.060885191955826
Colombia,0,0,0,0,906,16,6507,293,29383,939,97846,3334,295508,10105,615094,19662,829679,25998,1074184,31314,1316806,36766,1642775,43213,2094884,53983,2251690,59766,2406377,63422,2859724,73720,3406456,88774,4240982,106544,4785320,120723,4909086,124945,4957277,126299,5002387,127281,5069644,128528,5157440,129942,5887261,134300,6064583,138767,6084916,139621,6092667,139797,6103455,139854,6175181,140070,6265798,140845,6299595,141519,6307372,141794,6309716,141837,6312657,141881,6336660,141881,6352923,142186,6357173,142315,6359093,142339,2.2383538029715875
Comoros,0,0,0,0,0,0,1,0,106,2,303,7,378,7,423,7,479,7,545,7,611,7,823,10,2726,93,3571,144,3696,146,3834,146,3881,146,3936,146,4028,147,4068,147,4141,147,4259,147,4501,150,6515,157,7832,160,8033,160,8086,160,8105,160,8120,160,8139,160,8315,160,8455,161,8471,161,8762,161,8965,161,8982,161,8992,161,8998,161,9008,161,1.7873001776198933
Congo (Brazzaville),0,0,0,0,19,0,220,9,611,20,1087,37,3200,54,3979,78,5089,89,5290,92,5774,94,7107,108,7887,117,8820,128,9681,135,10678,144,11658,153,12596,165,13186,178,13588,183,14244,193,17323,258,18970,354,20089,367,23705,371,24020,378,24071,385,24079,385,24079,385,24128,385,24775,386,24837,386,24837,386,24837,386,25375,386,25375,386,25375,388,25077,388,25087,388,1.5466177701598436
Congo (Kinshasa),0,0,0,0,98,8,572,31,3070,72,7039,170,9070,215,10097,258,10659,272,11306,307,12772,333,17658,591,22771,671,25913,707,28142,743,29853,766,31651,782,40836,924,49917,1038,54863,1059,56937,1084,57470,1091,58234,1107,74793,1205,85379,1278,86018,1335,86748,1337,87023,1337,88374,1338,91082,1371,92173,1390,92634,1400,92893,1443,93086,1445,94204,1455,95173,1462,95514,1463,95646,1464,95749,1464,1.5289976918818995
Costa Rica,0,0,0,0,347,2,719,6,1056,10,3459,16,17820,150,41287,436,75760,904,109971,1385,139638,1726,169321,2185,193276,2604,204341,2800,216764,2957,250991,3231,318986,4041,367938,4667,406814,5030,463726,5506,532185,6386,559698,7029,566839,7299,570556,7353,694865,7575,806928,8037,838537,8300,852074,8405,891038,8495,904934,8525,1028375,8720,1088716,8856,1117989,8970,1133096,8990,1146135,9038,1161687,9072,1186176,9158,1199055,9214,1209725,9245,0.7642232738845605
Cote d'Ivoire,0,0,0,0,179,1,1275,14,2833,33,9499,68,16047,102,18067,117,19724,120,20716,126,21331,132,22490,137,28399,154,32754,192,43889,244,46036,286,47292,305,48305,313,50135,329,55669,441,60253,624,61297,695,61724,704,71004,714,80718,785,81483,793,81741,796,81930,799,82215,799,83463,805,85306,811,86738,819,87208,826,87774,827,87885,830,87941,831,87982,833,88197,834,88263,834,0.9449033003636857
Croatia,0,0,6,0,867,6,2076,69,2246,103,2777,107,5139,145,10269,186,16593,280,49316,546,128442,1786,210837,3920,232426,5027,242973,5526,271632,5947,332183,7081,356181,8026,359872,8206,363615,8259,373998,8334,404790,8640,470348,9220,608205,10899,715245,12538,937167,13827,1054794,15069,1099176,15563,1122459,15828,1136500,15987,1148528,16065,1186739,16313,1213658,16702,1232379,16908,1246947,17142,1253761,17316,1263901,17596,1267580,17877,1268992,17971,1269326,17987,1.4170512539725808
Cuba,0,0,0,0,186,6,1501,61,2045,83,2341,86,2608,87,4032,94,5597,122,6887,128,8284,135,11863,146,26686,214,49779,322,75263,424,106707,644,142266,958,190993,1284,384596,2758,652855,5303,877428,7436,952001,8236,962486,8304,966004,8322,1044790,8399,1069862,8494,1090285,8510,1102941,8526,1105319,8529,1106023,8529,1108094,8529,1110539,8530,1111186,8530,1111285,8530,1111392,8530,1111993,8530,1112438,8530,1112598,8530,1112643,8530,0.7666430292555654
Cyprus,0,0,0,0,230,7,843,15,943,17,996,19,1084,19,1487,21,1743,22,4217,25,10383,48,22346,120,31227,198,34935,232,46105,257,66202,309,73483,361,76552,375,102926,420,115310,510,120143,552,124017,575,134473,597,166827,638,256746,733,322516,856,430726,940,480220,1020,489963,1059,504717,1072,562911,1115,576278,1168,587994,1182,599118,1194,614237,1226,631111,1258,642663,1287,649093,1305,650685,1330,0.2043999784842128
Czechia,0,0,0,0,3308,31,7682,236,9268,320,11954,349,16574,382,24618,424,70763,655,335102,3251,523298,8295,718661,11580,984774,16308,1235480,20339,1532332,26421,1630758,29267,1661272,30108,1667287,30303,1673576,30373,1679189,30404,1691489,30459,1762902,30753,2150042,33069,2475729,36129,3115889,37209,3774273,38592,4066564,39692,4166475,40155,4184645,40288,4201201,40318,4269766,40477,4348510,40829,4442820,41104,4513087,41580,4558202,41882,4579875,42131,4589483,42307,4609820,42436,4618256,42491,0.920065929649634
Denmark,0,0,3,0,3039,90,9356,452,11869,574,12968,605,14028,615,17410,624,28479,650,46863,721,81002,837,164116,1298,199156,2126,211883,2362,231295,2420,251249,2484,281985,2517,294503,2535,317909,2551,347028,2586,360550,2658,390727,2716,492483,2908,810772,3282,1772901,3778,2810800,4658,3105402,5747,3163284,6207,3183525,6412,3218395,6518,3276295,6688,3319834,6972,3346163,7123,3381223,7396,3400329,7581,3432465,7807,3446409,8194,3449989,8314,3451036,8345,0.24181144444740652
Diamond Princess,0,0,705,6,712,10,712,13,712,13,712,13,712,13,712,13,712,13,712,13,712,13,712,13,712,13,712,13,712,13,712,13,712,13,712,13,712,13,712,13,712,13,712,13,712,13,712,13,712,13,712,13,712,13,712,13,712,13,712,13,712,13,712,13,712,13,712,13,712,13,712,13,712,13,712,13,712,13,1.8258426966292134
Djibouti,0,0,0,0,30,0,1089,2,3354,24,4682,54,5084,58,5387,60,5416,61,5561,61,5679,61,5831,61,5932,63,6066,63,8002,70,11100,143,11533,154,11602,155,11651,156,11750,157,12811,167,13478,181,13504,186,13656,189,15464,189,15547,189,15587,189,15611,189,15675,189,15690,189,15690,189,15690,189,15690,189,15690,189,15690,189,15690,189,15690,189,15690,189,15690,189,1.2045889101338432
Dominica,0,0,0,0,12,0,16,0,16,0,18,0,18,0,20,0,30,0,50,0,85,0,88,0,117,0,142,0,161,0,174,0,188,0,193,0,210,0,1638,4,3481,20,4823,32,6028,38,6814,47,9032,51,11108,57,11859,63,12033,63,14184,65,14852,68,14852,68,14852,68,15747,74,15760,74,15760,74,15760,74,15760,74,15760,74,15760,74,0.46954314720812185
Dominican Republic,0,0,0,0,1109,51,6972,301,17285,502,32568,747,69649,1160,94715,1710,112209,2105,127018,2245,143988,2331,170785,2414,214060,2666,239617,3100,252727,3325,266561,3480,292786,3628,325221,3822,341905,3963,350173,4008,359047,4046,381667,4130,407251,4204,418778,4247,555245,4307,574556,4368,578020,4375,579248,4376,584029,4377,605784,4383,628213,4383,638500,4384,644356,4384,647272,4384,650381,4384,655540,4384,660095,4384,660533,4384,660790,4384,0.6634482967357254
Ecuador,0,0,0,0,2240,75,24934,900,39098,3358,56432,4527,85355,5702,113767,6556,137047,11355,168192,12670,192685,13461,212512,14034,250828,14859,286155,15811,328755,16847,381862,18631,426037,20572,458504,21560,487372,31631,501743,32259,510177,32784,517262,32980,527333,33296,549418,33681,732038,34533,827760,35223,859890,35421,869696,35598,877282,35637,909882,35725,961345,35801,995968,35843,1003778,35894,1008035,35920,1011132,35940,1040463,35940,1051239,35942,1056578,36008,1057121,36014,3.4068001676250876
Egypt,0,0,1,0,710,46,5537,392,24985,959,68311,2953,94078,4805,98939,5421,103198,5930,107555,6266,115911,6650,138062,7631,165951,9316,182424,10688,202131,11995,227552,13339,262650,15096,281282,16169,284262,16524,288441,16736,304524,17331,331017,18651,358578,20474,385575,21752,425911,22635,483771,24074,505264,24417,515645,24613,515645,24718,515645,24723,515645,24765,515645,24794,515645,24797,515645,24798,515645,24798,515645,24801,515645,24805,515698,24809,515759,24812,4.810774024302048
El Salvador,0,0,0,0,32,1,395,10,2517,46,6438,174,16632,448,25729,717,29077,843,33826,975,38941,1114,46242,1327,54966,1623,60181,1854,64726,2006,69198,2124,73702,2249,78766,2381,86620,2629,94060,2918,104348,3234,113422,3629,119803,3776,121945,3824,135109,3899,156364,4071,161052,4119,162089,4128,162755,4132,169646,4144,190818,4194,201785,4223,201785,4229,201785,4230,201785,4230,201785,4230,201785,4230,201785,4230,201785,4230,2.0962906063384295
Equatorial Guinea,0,0,0,0,12,0,315,1,1306,12,2001,32,4821,83,4941,83,5030,83,5088,83,5153,85,5277,86,5516,86,6005,91,6914,102,7694,112,8529,118,8734,121,8880,123,9477,126,12362,147,13368,167,13592,175,13710,175,15802,182,15884,182,16000,183,15907,183,15921,183,16034,183,16723,183,16956,183,17012,183,17171,183,17183,183,17186,183,17190,183,17229,183,17229,183,1.062162632770329
Eritrea,0,0,0,0,15,0,39,0,39,0,203,0,279,0,319,0,375,0,463,0,577,0,1320,3,2135,7,2847,7,3285,10,3671,10,4094,14,6009,23,6547,35,6642,38,6722,42,6834,45,7358,60,8011,76,9536,98,9701,103,9728,103,9734,103,9759,103,9799,103,10045,103,10154,103,10170,103,10189,103,10189,103,10189,103,10189,103,10189,103,10189,103,1.0108941014819903
Estonia,0,0,1,0,745,4,1689,52,1869,68,1989,69,2064,69,2375,64,3371,64,4905,73,12308,118,27990,229,44208,419,65600,589,106424,902,122019,1161,129544,1252,131064,1269,133557,1272,141956,1292,156257,1357,193969,1531,222584,1800,241408,1932,337543,2033,494430,2236,556304,2459,572193,2539,576870,2574,580114,2591,586399,2620,597838,2651,601993,2681,606633,2739,609297,2790,611891,2854,613903,2912,615119,2940,615433,2946,0.478687363206068
Eswatini,0,0,0,0,9,0,100,1,285,2,812,11,2648,41,4577,91,5482,109,5917,117,6419,122,9358,205,15711,565,17014,652,17337,667,18458,671,18595,673,19084,678,25979,787,43371,1101,45924,1220,46421,1242,46656,1248,66109,1303,68367,1375,69160,1390,69771,1394,70643,1397,72510,1409,73109,1416,73280,1417,73367,1422,73390,1422,73558,1422,73770,1422,74021,1422,74133,1422,74199,1423,74267,1425,1.9187526088303013
Ethiopia,0,0,0,0,26,0,131,3,1172,11,5846,103,17530,274,52131,809,75368,1198,96169,1469,110074,1706,124264,1923,137650,2093,159072,2365,206589,2865,257442,3688,271541,4165,276174,4320,280365,4385,308134,4675,345674,5582,365167,6459,371536,6755,420342,6937,465158,7337,468727,7462,469758,7497,470568,7510,472743,7513,488724,7536,492237,7568,493190,7572,493579,7572,493960,7572,494578,7572,498001,7572,499531,7572,499986,7572,500116,7572,1.5140487406921594
Fiji,0,0,0,0,5,0,18,0,18,0,18,0,27,1,28,2,32,2,34,2,42,2,49,2,55,2,59,2,67,2,117,2,438,4,4418,21,29781,238,46716,496,51023,624,52141,674,52506,696,53332,698,62855,801,63930,834,64404,834,64634,862,65007,864,65713,866,67549,870,68153,878,68242,878,68264,878,68375,878,68702,881,68820,883,68889,883,68898,883,1.2816046909924816
Finland,1,0,8,0,1672,51,5336,256,6974,305,7259,309,7467,312,8202,314,10239,329,16444,350,25521,442,36422,592,45546,703,58095,784,78043,882,87131,932,92715,975,96009,984,107458,1005,127975,1057,142110,1118,159424,1245,188390,1478,270829,1714,489870,1990,637757,2366,883676,3144,1023013,3939,1092193,4522,1145610,4875,1171034,5012,1258798,5577,1292940,5981,1348737,6568,1394254,7265,1438205,7933,1458619,8639,1462169,8892,1463644,8967,0.6126489774835957
France,5,0,100,2,52281,3526,168861,24349,190975,28805,204244,29846,227239,30268,321160,30646,605893,31978,1414396,36827,2276830,52818,2677660,64758,3255994,76200,3815688,86579,4705186,95798,5677829,104676,5728909,109693,5837403,111259,6190621,112061,6835022,114926,7106028,117474,7268527,118625,7778575,120112,10077783,124729,19266496,131937,22877926,139382,25803173,143307,28835895,146967,29711870,149366,31285317,150572,33997224,153023,34745833,155133,35608285,156152,37033519,158034,38046448,159990,39498188,163003,39729161,165274,39827175,166004,39866718,166176,0.41682889471864726
Gabon,0,0,0,0,16,1,276,3,2655,17,5394,42,7352,49,8533,53,8766,54,8968,55,9214,60,9571,64,10748,68,14564,83,19550,118,23075,139,24429,152,24984,159,25384,164,25888,166,30155,186,35525,239,37342,279,41798,288,46925,301,47543,303,47584,303,47602,304,47650,304,47939,305,48511,306,48649,306,48691,306,48945,306,48973,306,48980,306,48981,306,48981,306,48981,306,0.6247320389538801
Gambia,0,0,0,0,4,1,11,1,25,1,49,2,498,9,2963,96,3579,112,3672,119,3742,123,3797,124,4090,128,4712,150,5459,165,5898,174,5993,179,6079,181,7709,212,9698,319,9934,338,9965,340,9989,342,10170,343,11842,362,11939,365,11988,365,11995,365,12002,365,12002,365,12078,368,12311,371,12508,372,12580,372,12586,372,12586,372,12586,372,12586,372,12598,372,2.95284965867598
Georgia,0,0,1,0,110,0,539,6,783,12,928,15,1168,17,1487,19,6192,36,38936,307,135584,1267,227420,2505,258111,3178,270758,3510,281761,3778,310310,4110,343963,4773,366078,5316,419534,5820,549811,7408,613012,8946,719247,10045,845643,12054,934741,13800,1175923,14930,1605472,16113,1648264,16695,1655098,16757,1657154,16777,1660429,16791,1686218,16809,1735682,16839,1780691,16861,1780691,16873,1805698,16888,1808820,16897,1814180,16926,1825598,16965,1827537,16971,0.9286268896334247
Germany,5,0,66,0,61913,583,159119,6288,181482,8500,194259,8973,208698,9141,242381,9298,289219,9488,518753,10452,1053869,16248,1719737,33071,2216363,56945,2442336,70045,2808873,76342,3381597,82850,3681126,88442,3728141,90875,3766765,91637,3942856,92200,4227501,93638,4559120,95606,5836813,101344,7109182,111602,9815533,117786,14745107,122702,21104509,129391,24710769,135292,26305996,139000,28180861,141105,30787309,143855,32145157,147404,33312373,149948,35571131,153544,36463485,157791,37369866,161465,37779833,165711,38168908,168086,38249060,168935,0.44167098485557554
Ghana,0,0,0,0,161,5,2074,17,8070,36,17741,112,35501,182,44298,276,46626,301,48055,320,51667,323,54771,335,67010,416,84023,607,90583,743,92562,779,93898,785,95914,796,103019,823,119436,1036,127482,1156,130077,1175,130920,1209,142986,1295,156920,1395,159674,1442,160971,1445,161173,1445,161370,1445,166133,1450,168007,1457,168580,1459,169100,1459,170707,1460,171009,1461,171048,1461,171112,1462,171172,1462,171229,1462,0.8538273306507659
Greece,0,0,4,0,1156,38,2591,140,2917,175,3409,192,4477,206,10317,266,18475,391,39251,626,105271,2406,138850,4838,156957,5796,191100,6504,263689,8093,345033,10381,402306,12095,422456,12706,493304,12965,587964,13691,655767,14828,742170,15938,938903,18157,1210853,20790,1940723,23500,2421664,25860,3030429,27510,3323922,29153,3453229,29845,3676502,30232,4349423,30999,4762827,32552,4920192,33111,5135200,33574,5404690,34309,5548487,34779,5548487,34779,5548487,34779,5548487,34779,0.6268195275576928
Grenada,0,0,0,0,9,0,20,0,23,0,23,0,24,0,24,0,24,0,28,0,41,0,127,0,148,1,148,1,155,1,160,1,161,1,161,1,164,1,461,2,5195,141,5840,198,5897,200,6181,200,12336,210,13690,216,14012,218,14629,220,17750,226,18357,232,18786,234,19289,236,19536,237,19591,237,19631,237,19644,238,19680,238,19680,238,19680,238,1.2093495934959348
Guatemala,0,0,0,0,38,1,599,16,5087,108,18096,773,49789,1924,74074,2760,91746,3246,107939,3729,122062,4171,138012,4813,159504,5643,174542,6393,193834,6840,227671,7524,254417,8165,293583,9215,368484,10339,470277,11926,560315,13564,601572,15094,617984,15943,628359,16107,690290,16385,776991,16971,828874,17312,846546,17584,861002,18152,910714,18561,1042376,19037,1101954,19490,1124467,19795,1140499,19888,1156468,19951,1204132,20001,1227853,20106,1236406,20173,1238247,20182,1.6298848291172923
Guinea,0,0,0,0,22,0,1495,7,3706,23,5391,33,7308,46,9409,59,10652,66,12072,72,13119,76,13722,81,14546,82,15992,89,19908,125,22215,144,23177,161,23770,171,25688,220,29501,337,30411,379,30653,385,30770,387,32051,391,36166,419,36397,440,36459,440,36549,442,36764,442,36817,442,37408,445,37470,447,37652,449,38047,456,38153,464,38210,466,38240,467,38267,467,38267,467,1.2203726448375884
Guinea-Bissau,0,0,0,0,8,0,205,1,1256,8,1654,24,1981,26,2205,34,2324,39,2413,41,2441,44,2452,45,2634,45,3262,48,3650,63,3734,67,3766,68,3859,69,4479,76,5799,119,6107,135,6134,141,6440,148,6484,149,7586,156,8001,167,8149,170,8202,171,8269,171,8348,171,8412,172,8491,175,8796,175,8848,176,8848,176,8947,176,8947,176,8953,176,8960,176,1.9642857142857142
Guyana,0,0,0,0,12,2,82,9,153,12,245,12,413,20,1306,39,2894,80,4162,124,5406,151,6332,164,7641,176,8585,195,10249,231,13283,296,16952,389,20055,469,22523,541,25548,622,31827,786,35548,913,37874,994,39573,1054,59889,1168,62921,1220,63253,1226,63473,1228,64763,1234,67395,1254,69807,1271,71035,1278,71340,1281,71437,1281,71620,1285,72163,1286,72950,1294,73069,1298,73075,1298,1.776257269928156
Haiti,0,0,0,0,15,0,76,6,1584,35,5847,104,7378,159,8209,201,8740,227,9054,232,9272,232,9999,236,11672,245,12531,250,12816,251,13149,260,15123,321,18844,447,20326,563,21047,586,22173,626,24091,686,25351,746,26169,773,29477,804,30350,820,30563,833,30703,835,30892,835,31677,837,32405,838,33551,841,33733,857,33811,857,33846,860,33893,860,34076,860,34143,860,34202,860,2.51447283784574
Holy See,0,0,0,0,6,0,11,0,12,0,12,0,12,0,12,0,12,0,27,0,27,0,27,0,27,0,27,0,27,0,27,0,27,0,27,0,27,0,27,0,27,0,27,0,27,0,27,0,29,0,29,0,29,0,29,0,29,0,29,0,29,0,29,0,29,0,29,0,29,0,29,0,29,0,29,0,29,0,0.0
Honduras,0,0,0,0,141,7,771,71,5202,212,19558,497,42014,1337,61014,1873,76900,2353,96888,2669,108253,2918,121827,3130,147843,3610,170304,4151,189043,4605,212333,5281,238227,6353,262760,7005,297111,7834,338757,8850,365994,9777,375381,10239,377859,10402,379402,10433,391874,10512,411212,10720,421062,10880,423179,10893,425371,10899,427355,10906,439901,10932,453443,10972,456391,10993,456988,11037,458023,11043,465915,11071,470757,11104,472116,11111,472250,11111,2.352779248279513
Hungary,0,0,0,0,492,16,2775,312,3876,526,4155,585,4505,596,6139,615,26461,765,75321,1750,217122,4823,322514,9537,367586,12524,428599,14974,652433,20737,779348,27540,804538,29733,808128,29992,809491,30026,812337,30058,822705,30190,863419,30729,1103108,34521,1256415,39186,1553405,41405,1787544,43949,1851871,45470,1901017,46201,1917777,46507,1928125,46647,1965481,46790,2048547,47291,2094142,47503,2141513,47938,2166352,48287,2185816,48495,2191827,48658,2194969,48745,2196804,48762,2.2196791338690205
Iceland,0,0,1,0,1135,2,1797,10,1806,10,1824,10,1885,10,2107,10,2728,10,4865,12,5392,26,5754,29,6002,29,6049,29,6205,29,6472,29,6576,30,6649,30,7959,30,10789,33,11801,33,13492,33,17894,35,27059,37,67673,46,129844,62,181391,101,185579,119,188291,153,193987,153,202157,179,204717,213,205637,213,206356,213,207101,219,207974,229,208688,199,209093,263,209137,263,0.1257548879442662
India,1,0,3,0,1397,35,34863,1154,190609,5408,585481,17400,1695988,36511,3691166,65288,6312584,98678,8184082,122111,9462809,137621,10286709,148994,10757610,154392,11112241,157157,12221665,162927,19164969,211853,28175044,331895,30411634,399459,31655824,424351,32810845,439020,33766707,448339,34285814,458437,34596776,469247,34861579,481486,41469499,496242,42931045,514023,43025775,521181,43079188,523843,43160832,524636,43469234,525139,44036275,526396,44436339,527911,44591112,528655,44654638,529077,44673863,530622,44679873,530705,44684120,530740,44687837,530772,44690738,530779,1.1876711456409603
Indonesia,0,0,0,0,1528,136,10118,792,26473,1613,56385,2876,108376,5131,174796,7417,287008,10740,410088,13869,538883,16945,743198,22138,1078314,29998,1334634,36166,1511712,40858,1668368,45521,1821703,50578,2178272,58491,3409658,94119,4089801,133023,4215104,141939,4244358,143405,4256409,143830,4262720,144094,4353370,144320,5564448,148335,6012818,155089,6046796,156257,6054973,156591,6088460,156737,6207098,156993,6358808,157566,6431624,158112,6493079,158631,6664844,159830,6719815,160612,6730016,160814,6736046,160914,6738225,160941,2.388477677726701
Iran,0,0,593,43,44605,2898,94640,6028,151466,7797,227662,10817,304204,16766,375212,21571,457219,26169,612772,34864,962070,48246,1225142,55223,1417999,57959,1631169,60073,1885564,62665,2499077,71758,2913136,80156,3204557,84264,3871008,90630,4992063,107794,5587040,120428,5924638,126303,6117445,129830,6194401,131606,6373174,132454,7051429,136838,7162220,140204,7221653,141083,7232034,141315,7238126,141389,7391026,141998,7528961,143867,7548648,144426,7557650,144576,7559706,144633,7561140,144685,7564350,144749,7567906,144845,7572311,144933,1.9139863642684514
Iraq,0,0,13,0,694,50,2085,93,6439,205,49109,1943,124609,4741,234934,7042,362981,9181,472630,10910,552549,12258,595291,12813,619636,13047,695489,13406,850924,14323,1065199,15465,1201352,16375,1345904,17186,1626599,18657,1888150,20830,2003303,22260,2055248,23170,2081172,23820,2093740,24158,2210582,24389,2302793,24989,2319550,25164,2325092,25211,2328154,25219,2348662,25241,2444798,25315,2457871,25346,2459982,25355,2461484,25358,2463724,25364,2465107,25373,2465545,25375,2465545,25375,2465545,25375,1.029184216876999
Ireland,0,0,1,0,3235,71,20612,1232,24990,1652,25473,1736,26065,1763,28811,1777,36155,1804,61456,1913,72544,2053,91779,2237,196547,3307,219592,4319,235854,4687,248870,4903,262043,4941,271908,4998,300976,5035,352447,5092,389932,5249,445594,5436,570115,5652,788559,5912,1183008,6136,1300422,6497,1459425,6753,1517112,7087,1561632,7304,1600614,7499,1644166,7675,1656956,7839,1663653,7942,1672319,8043,1680548,8197,1687668,8293,1700253,8462,1703244,8655,1704502,8708,0.5108823574275654
Israel,0,0,6,0,5717,21,15896,225,17079,287,25438,327,71734,564,116906,953,247411,1604,314349,2561,337191,2872,423262,3325,643435,4796,775807,5752,833105,6209,838481,6363,839475,6412,841777,6429,874018,6473,1066352,7043,1282218,7761,1327458,8100,1343660,8196,1383932,8243,2900569,8805,3634503,10198,3918225,10485,4076104,10695,4138515,10852,4353033,10958,4582056,11377,4633417,11620,4662570,11698,4684451,11767,4722410,11863,4763676,12037,4786180,12193,4799274,12290,4803824,12329,0.2566497024037517
Italy,2,0,1128,29,105792,12428,205463,27967,232997,33415,240578,34767,247537,35141,269214,35483,314861,35894,679430,38618,1601554,55576,2107166,74159,2553032,88516,2925265,97699,3584899,109346,4022653,120807,4217821,126128,4259909,127566,4350028,128063,4539991,129221,4672355,130921,4771965,132100,5028547,133828,6125683,137402,10983116,146498,12782836,154767,14642354,159383,16463200,163507,17421410,166697,18523111,168353,21040025,172086,21867757,175595,22467278,177092,23531023,179101,24260660,181098,25143705,184642,25453789,186833,25576852,188094,25603510,188322,0.7355319641720999
Jamaica,0,0,0,0,36,1,422,8,586,9,702,10,878,10,2459,21,6482,107,9094,206,10763,257,12827,302,15653,350,23263,422,39237,596,45578,778,48557,948,50124,1075,52895,1190,68131,1518,83737,1869,89014,2236,91249,2392,93920,2473,124512,2658,127986,2813,128757,2888,129978,2962,137266,3056,142804,3128,146372,3194,149798,3254,151829,3317,151931,3320,152517,3399,152758,3461,153407,3480,154065,3500,154416,3514,2.275670914931095
Japan,15,0,245,6,2255,67,14284,481,16741,898,18605,974,36256,1013,68385,1300,83579,1575,101323,1770,148824,2152,235749,3492,390740,5753,432636,7897,475086,9176,592771,10243,746487,13059,799583,14784,926604,15193,1494372,16067,1705072,17651,1722343,18267,1726798,18360,1733307,18392,2743726,18815,5012908,23670,6565019,28124,7883149,29571,8853455,30623,9332302,31281,12795382,32613,18966848,39942,21293921,44918,22324592,46765,24815308,49652,29234677,57274,32555047,68099,33227230,72395,33320438,72997,0.21907575164528148
Jordan,0,0,0,0,274,5,453,8,739,9,1132,9,1193,11,2034,15,11825,61,72607,829,219430,2751,294494,3834,326855,4316,391090,4701,611577,6858,711373,8836,736534,9462,751404,9750,770712,10032,797126,10411,823919,10718,862541,11038,953943,11608,1063405,12653,1225309,13217,1631708,13835,1692485,14031,1695745,14064,1696937,14066,1699197,14068,1709879,14074,1735495,14110,1746997,14122,1746997,14122,1746997,14122,1746997,14122,1746997,14122,1746997,14122,1746997,14122,0.8083585718807761
Kazakhstan,0,0,0,0,343,2,3402,25,10858,41,22308,188,90367,793,130673,1878,140707,2075,149699,2219,174563,2477,201196,2749,235844,3126,262715,3389,297472,5912,375539,6561,442935,7321,482686,7759,633469,9077,863581,12655,962842,15907,1020264,17078,1054972,17845,1072518,18211,1325293,18508,1390670,18937,1393802,19011,1394493,19013,1394867,19015,1395849,19018,1439725,19022,1478394,19041,1483609,19050,1484932,19052,1485635,19053,1488306,19057,1496549,19065,1498668,19068,1498668,19071,1.2725300066459015
Kenya,0,0,0,0,59,1,396,17,1962,64,6366,148,20636,341,34201,577,38529,711,55192,981,83618,1469,96458,1670,100773,1763,105973,1856,134058,2153,159318,2724,170735,3172,184161,3634,203213,3931,235863,4726,249434,5123,253310,5281,255088,5335,295028,5378,321381,5583,322946,5639,323423,5648,323773,5649,324976,5651,333694,5652,337622,5672,338183,5674,338434,5678,339147,5678,341636,5684,342499,5688,342810,5688,342912,5688,342937,5688,1.65861368123008
Kiribati,0,0,0,0,0,0,0,0,0,0,0,0,0,0,0,0,0,0,0,0,0,0,0,0,0,0,0,0,0,0,0,0,2,0,2,0,2,0,2,0,2,0,2,0,2,0,2,0,460,0,2914,11,3066,13,3081,13,3098,13,3236,13,3430,13,3430,13,3430,13,3430,13,3430,13,3430,13,5008,18,5013,18,5014,18,0.35899481451934584
"Korea, North",0,0,0,0,0,0,0,0,0,0,0,0,0,0,0,0,0,0,0,0,0,0,0,0,0,0,0,0,0,0,0,0,0,0,0,0,0,0,0,0,0,0,0,0,0,0,0,0,0,0,0,0,0,0,0,0,1,6,1,6,1,6,1,6,1,6,1,6,1,6,1,6,1,6,1,6,1,6,600.0
"Korea, South",11,0,3150,16,9786,162,10774,248,11503,271,12850,282,14336,301,20182,324,23889,415,26635,466,34652,526,61769,917,78508,1425,90031,1605,103639,1735,122634,1831,140799,1963,157723,2021,199787,2098,253445,2292,313773,2497,366386,2858,452350,3659,635253,5625,864042,6772,3273449,8170,13375818,16590,17275649,22875,18119415,24197,18368857,24555,19820739,25068,23327897,26876,24796014,28445,25615667,29209,27155813,30568,29116800,32219,30197066,33486,30526012,33988,30615522,34093,0.11135854551165254
Kosovo,0,0,0,0,106,1,799,22,1070,30,2799,49,8330,227,13454,525,15620,625,19328,678,39596,1016,51144,1332,60218,1498,68451,1592,89181,1866,103638,2134,107002,2248,107758,2262,108365,2269,144986,2503,160072,2953,160762,2977,161091,2984,161484,2990,205938,3015,226248,3114,227471,3134,228073,3138,228359,3139,229199,3140,254230,3171,271476,3196,272067,3199,272161,3202,272209,3202,272283,3202,272547,3203,273059,3211,273312,3211,1.174847792998478
Kuwait,0,0,45,0,289,0,4024,26,27043,212,46195,354,66957,447,85109,531,105182,610,125926,779,142635,880,150584,934,165257,959,190852,1083,232103,1313,273991,1563,309222,1772,356687,1969,397831,2320,409860,2419,411655,2449,412678,2461,413362,2465,417135,2468,545717,2497,619894,2538,628978,2554,631409,2555,633225,2555,643004,2555,653730,2559,657395,2563,658520,2563,662073,2568,662672,2570,662747,2570,662858,2570,663456,2570,663860,2570,0.3871298165275811
Kyrgyzstan,0,0,0,0,107,0,746,8,1748,16,5506,61,35805,1378,43898,1058,46669,1064,58878,1144,73178,1275,81034,1355,84588,1412,86251,1466,88538,1500,95275,1604,104729,1808,125003,2000,162892,2325,175734,2528,178532,2607,181259,2671,183351,2746,184689,2802,198316,2880,200527,2958,200935,2988,200992,2991,200993,2991,201053,2991,202685,2991,205716,2991,206083,2991,206452,2991,206530,2991,206557,2991,206592,2991,206633,2991,206708,2991,1.4469686707819727
Laos,0,0,0,0,9,0,19,0,19,0,19,0,20,0,22,0,23,0,24,0,39,0,41,0,44,0,45,0,49,0,757,0,1912,3,2121,3,6299,7,15015,14,23846,18,40271,65,73738,170,111060,372,133853,547,142743,621,176898,665,207469,744,209989,756,210292,757,211239,757,214039,757,215860,758,216243,758,216744,758,217797,758,217973,758,218015,758,218023,758,0.3476697412658298
Latvia,0,0,0,0,398,0,858,15,1066,24,1118,30,1231,32,1396,34,1824,37,5894,71,17075,206,40904,635,66241,1195,86186,1618,102363,1899,118558,2131,133199,2376,137429,2513,138863,2556,142637,2578,158291,2717,219139,3253,253659,4179,276674,4570,392764,4873,653120,5239,798895,5616,822013,5760,828614,5824,835797,5860,861724,5892,899133,5946,930254,5994,952099,6053,963451,6091,973830,6161,975282,6214,975999,6258,976255,6269,0.6421477994991063
Lebanon,0,0,4,0,470,12,725,24,1220,27,1778,34,4555,61,17308,167,39634,367,81228,637,127944,1018,181503,1468,301052,3082,375050,4692,468400,6234,526578,7278,540388,7729,544866,7851,561380,7906,602266,8053,624230,8325,642024,8502,670656,8725,727930,9119,921208,9606,1068710,10091,1092157,10303,1096955,10386,1099199,10429,1112199,10465,1173871,10532,1209478,10627,1215805,10676,1218779,10708,1220560,10737,1222515,10746,1228639,10790,1231840,10828,1232828,10841,0.8793603000580779
Lesotho,0,0,0,0,0,0,0,0,2,0,27,0,604,13,1085,31,1595,36,1953,44,2109,44,3094,51,8664,172,10491,292,10706,315,10731,316,10831,326,11344,329,12908,374,14395,403,14395,403,21635,658,21779,662,28408,665,32176,693,32612,696,32910,697,33015,697,33358,698,33938,699,34040,702,34206,704,34490,706,34490,706,34490,706,34490,706,34790,723,34790,723,34790,723,2.0781833860304686
Liberia,0,0,0,0,3,0,141,16,280,27,770,36,1181,73,1303,82,1339,82,1426,82,1598,83,1800,83,1939,84,2010,85,2053,85,2099,85,2179,86,3900,127,5404,148,5594,245,5799,286,5812,287,5824,287,6278,287,7272,290,7384,294,7400,294,7434,294,7456,294,7497,294,7538,294,7883,294,7961,294,7996,294,8022,294,8043,294,8062,294,8077,294,8090,295,3.646477132262052
Libya,0,0,0,0,10,0,61,3,156,5,824,24,3621,74,13966,237,34525,551,61095,857,82809,1183,100277,1478,118631,1877,133338,2179,158957,2667,177508,3029,185776,3126,193474,3193,249114,3509,308972,4247,340084,4651,357338,5099,372636,5456,388734,5710,429666,6017,494446,6261,501705,6415,501904,6430,502016,6430,502138,6430,503611,6431,506790,6437,506994,6437,507051,6437,507084,6437,507142,6437,507162,6437,507174,6437,507187,6437,1.2691571353366706
Liechtenstein,0,0,0,0,69,0,83,1,83,1,83,1,89,1,108,1,120,1,576,3,1312,17,2221,44,2565,53,2648,55,2753,56,3021,56,3103,57,3131,58,3187,58,3391,58,3557,58,3662,61,4678,61,6131,69,8928,73,12001,78,16378,84,17185,84,17469,84,17903,85,18678,86,19161,86,19713,86,20626,87,20935,87,21276,88,21349,89,21421,89,21432,89,0.41526689063083244
Lithuania,0,0,0,0,353,4,1311,32,1606,54,1748,61,2016,63,2865,69,4759,77,15699,152,62498,619,145052,1800,184448,2822,199163,3258,216121,3576,247458,3931,274758,4276,279154,4385,283198,4410,299461,4561,332553,4998,410809,5888,473717,6755,524427,7397,705158,7889,965873,8426,1110803,8885,1149993,9098,1154914,9146,1161146,9173,1183422,9208,1218327,9289,1250158,9320,1268046,9393,1276076,9434,1288374,9481,1296493,9541,1304750,9585,1307448,9596,0.7339488836267293
Luxembourg,0,0,1,0,2178,23,3784,90,4018,110,4299,110,6695,114,6625,124,8509,124,17134,152,34678,321,46415,495,50388,577,55110,637,61642,746,67205,796,69932,815,70787,818,73870,822,75760,830,78219,835,81683,843,89181,875,103766,915,157985,952,183177,991,215831,1036,237856,1064,247935,1078,263387,1094,282252,1109,286827,1123,291758,1129,302221,1145,306843,1162,311746,1178,314731,1210,315945,1215,317367,1220,0.38441299820082114
MS Zaandam,0,0,0,0,2,0,9,2,9,2,9,2,9,2,9,2,9,2,9,2,9,2,9,2,9,2,9,2,9,2,9,2,9,2,9,2,9,2,9,2,9,2,9,2,9,2,9,2,9,2,9,2,9,2,9,2,9,2,9,2,9,2,9,2,9,2,9,2,9,2,9,2,9,2,9,2,9,2,22.22222222222222
Madagascar,0,0,0,0,57,0,128,0,771,6,2214,20,10868,106,14863,192,16408,230,17111,244,17341,251,17714,261,19065,281,19831,297,24426,418,37014,643,41342,839,42216,913,42663,943,42869,956,42898,958,43626,963,44330,967,50279,1027,59319,1274,63659,1366,64009,1384,64152,1391,64377,1395,65381,1398,66491,1408,66626,1410,66676,1410,66749,1411,67259,1412,67735,1416,67827,1419,67865,1422,67889,1423,2.0960685825391447
Malawi,0,0,0,0,0,0,37,3,284,4,1224,14,4078,114,5566,175,5773,179,5930,184,6028,185,6583,189,23963,702,31945,1044,33551,1117,34078,1148,34338,1155,36126,1196,52347,1635,60494,2177,61580,2282,61796,2301,61916,2306,75075,2364,84475,2561,85339,2615,85640,2626,85781,2634,85985,2640,86506,2645,87410,2665,87860,2676,88028,2682,88073,2683,88086,2685,88220,2685,88559,2686,88681,2686,88707,2686,3.027945934368201
Malaysia,8,0,29,0,2766,48,6002,103,7819,115,8639,121,8976,125,9340,127,11224,136,31548,263,65697,360,113010,471,214959,760,300752,1135,345500,1272,408713,1506,572357,2796,751979,5170,1113272,9024,1746254,16664,2245695,26335,2471642,28912,2632782,30425,2758086,31487,2870758,31978,3442736,32749,4201919,34983,4448004,35547,4506510,35676,4566055,35765,4680053,35969,4782624,36216,4840879,36374,4902964,36475,4992168,36684,5026677,36853,5036593,36942,5042791,36958,5044718,36967,0.7327862528688422
Maldives,0,0,0,0,18,0,468,1,1773,5,2361,9,3793,16,7804,28,10291,34,11659,38,13011,46,13757,48,15841,52,19793,62,24079,67,29835,73,64396,160,73798,210,77432,221,81112,226,84809,231,87638,243,91650,250,95700,262,138880,276,170192,297,177000,298,179171,298,179753,299,181586,305,184302,307,184856,308,185042,308,185364,308,185618,311,185678,311,185715,311,185732,311,185738,311,0.16744015764140885
Mali,0,0,0,0,28,2,490,26,1265,77,2181,116,2535,124,2776,126,3118,131,3554,136,4710,156,7090,269,8091,330,8376,353,10042,385,13858,484,14267,517,14426,525,14584,532,14889,539,15219,548,16073,563,17434,606,21008,660,30052,714,30381,722,30484,727,30833,732,31097,734,31165,737,31228,739,31412,739,32638,742,32733,742,32760,742,32770,743,32783,743,33018,743,33062,743,2.247292964732926
Malta,0,0,0,0,169,0,465,4,618,9,670,9,824,9,1883,12,3058,35,6042,62,9873,137,12774,219,17903,267,22482,315,29033,392,30292,413,30535,419,30623,420,34295,423,36171,441,37149,457,37653,461,39435,468,52473,476,67717,550,71275,605,79539,638,91741,698,94742,721,103132,741,112828,794,114050,801,114692,806,115349,808,115818,809,116384,815,117062,824,117477,827,117610,828,0.7040217668565598
Marshall Islands,0,0,0,0,0,0,0,0,0,0,0,0,0,0,0,0,0,0,2,0,4,0,4,0,4,0,4,0,4,0,4,0,4,0,4,0,4,0,4,0,4,0,4,0,4,0,4,0,7,0,7,0,7,0,17,0,17,0,18,0,64,0,15042,17,15305,17,15389,17,15541,17,15547,17,15584,17,15598,17,15649,17,0.10863313949773148
Mauritania,0,0,0,0,6,1,8,1,530,23,4363,129,6310,157,7048,159,7502,161,7703,163,8601,177,14364,347,16635,422,17207,441,17847,449,18402,455,19547,463,20808,489,25691,562,33580,715,36030,775,37320,797,39266,832,41473,866,58243,953,58633,979,58669,982,58688,982,59141,982,59814,983,62572,992,62765,993,62815,995,63364,997,63420,997,63425,997,63665,997,63667,997,63668,997,1.565935791920588
Mauritius,0,0,0,0,125,3,332,10,335,10,341,10,344,10,355,10,381,10,441,10,504,10,527,10,568,10,610,10,963,10,1206,16,1411,18,1898,18,4214,20,10676,31,15695,84,22852,176,55634,527,68480,786,105935,822,167644,904,210343,968,220344,990,225862,996,231036,1003,244850,1013,256452,1023,262648,1026,265301,1032,276456,1034,289980,1041,294602,1043,295440,1044,296042,1044,0.35265266414900587
Mexico,0,0,4,0,1215,29,19224,1859,90664,9930,226089,27769,424637,46688,599560,64414,743216,77646,924962,91753,1113543,105940,1426094,125807,1864260,158536,2086938,185715,2238887,203210,2344755,216907,2413742,223568,2519269,233047,2848252,240906,3352410,259326,3664223,277507,3807211,288365,3884566,293950,3979723,299428,4942590,306091,5508629,318149,5659535,323016,5739680,324334,5775977,324922,6034602,325716,6711847,327525,7014510,329390,7089209,330112,7110993,330392,7125176,330495,7234467,331099,7368252,332198,7451429,332988,7483444,333188,4.45233504787368
Micronesia,0,0,0,0,0,0,0,0,0,0,0,0,0,0,0,0,0,0,0,0,0,0,0,0,1,0,1,0,1,0,1,0,1,0,1,0,1,0,1,0,1,0,1,0,1,0,1,0,1,0,1,0,1,0,5,0,30,0,38,0,4321,4,7327,26,10814,31,22203,55,22203,58,22203,58,22676,58,23671,60,23948,61,0.2547185568732253
Moldova,0,0,0,0,353,4,3897,116,8251,295,16613,545,24733,778,36920,995,53042,1320,76040,1785,107364,2304,144818,2985,159804,3438,185453,3949,230241,4960,250837,5812,255186,6107,256734,6194,259478,6255,267526,6401,294392,6777,337768,7790,363774,9119,376155,10275,440698,10642,501800,11216,513442,11431,516986,11489,518793,11537,520321,11567,532187,11608,575052,11755,589437,11844,593246,11887,595073,11918,596550,11933,598673,11953,603750,11974,611140,12003,1.9640344274634292
Monaco,0,0,1,0,52,1,95,4,99,4,103,4,120,4,154,4,218,2,359,2,609,3,875,3,1489,13,1956,24,2288,28,2454,32,2504,32,2577,33,2889,33,3201,33,3314,33,3414,36,3738,36,4985,38,8183,47,9359,51,10758,54,11770,57,12216,57,13006,58,14059,61,14379,61,14622,63,14963,65,15442,65,15948,65,16063,65,16106,67,16121,67,0.41560697227219157
Mongolia,0,0,0,0,12,0,38,0,179,0,220,0,291,0,301,0,313,0,340,0,784,0,1195,1,1779,2,2907,2,8447,8,35979,118,58439,253,115478,496,165147,713,214015,836,382497,1204,590800,1661,668402,1930,692621,1986,841848,2036,908157,2096,919188,2108,920781,2110,925073,2115,928586,2118,943690,2119,978960,2128,982864,2131,984823,2131,992767,2134,1007266,2136,1007871,2136,1007896,2136,1007900,2136,0.21192578628832226
Montenegro,0,0,0,0,109,2,322,7,324,9,548,12,3073,48,4835,100,10772,169,18341,301,35265,499,48247,682,61659,805,75834,1003,91218,1274,97389,1495,99623,1584,100252,1613,101927,1630,115385,1724,131499,1923,144314,2103,157376,2307,170034,2411,219775,2564,230207,2680,233102,2702,235228,2714,237223,2720,240222,2729,259349,2746,275538,2773,280182,2782,282764,2786,283719,2790,284756,2791,286355,2797,288280,2804,288808,2808,0.9722722362261434
Morocco,0,0,0,0,617,36,4423,170,7807,205,12533,228,24322,353,62590,1141,123653,2194,219084,3695,356336,5846,439193,7388,471157,8275,483654,8623,496097,8818,511249,9023,519216,9147,531361,9296,623528,9785,860948,12649,933071,14267,946145,14668,949917,14776,963092,14849,1132716,15400,1160975,15988,1163274,16060,1164953,16069,1168303,16076,1216909,16109,1260978,16237,1264435,16273,1264945,16278,1265601,16281,1268823,16284,1271595,16294,1272240,16296,1272454,16296,1272490,16296,1.280638747652241
Mozambique,0,0,0,0,8,0,76,0,254,2,889,6,1864,11,3916,23,8728,61,12869,92,15701,131,18642,166,38654,367,59350,641,67579,775,69917,814,70795,836,76404,878,122028,1434,146316,1864,150723,1917,151292,1930,151548,1941,189080,2006,223827,2173,225047,2192,225256,2200,225384,2201,225754,2203,227919,2212,229580,2215,230076,2220,230312,2222,230475,2224,230624,2226,230970,2230,231994,2233,233098,2242,233214,2242,0.9613488041026695
Namibia,0,0,0,0,11,0,16,0,24,0,205,0,2129,10,7550,75,11265,121,12935,133,14380,151,23941,205,33944,352,38845,424,44139,523,48351,642,55549,830,89917,1521,118922,3044,125046,3375,127589,3511,128927,3554,129187,3573,147974,3633,155899,3967,157225,4007,157646,4019,158649,4025,166363,4038,169179,4064,169253,4072,169253,4077,169253,4080,169908,4080,169946,4080,170295,4082,170741,4088,171156,4090,171156,4090,2.3896328495641406
Nauru,0,0,0,0,0,0,0,0,0,0,0,0,0,0,0,0,0,0,0,0,0,0,0,0,0,0,0,0,0,0,0,0,0,0,0,0,0,0,0,0,0,0,0,0,0,0,0,0,0,0,0,0,0,0,3,0,3,0,3394,0,4407,1,4610,1,4611,1,4611,1,4621,1,4621,1,4621,1,5247,1,5247,1,0.01905850962454736
Nepal,1,0,1,0,5,0,57,0,1572,8,13564,29,19771,56,39460,228,77817,498,170743,937,233452,1508,260593,1856,270959,2029,274143,2774,277309,3030,323187,3279,561302,7386,638805,9112,695389,9857,762647,10750,795061,11135,812570,11407,821366,11526,828431,11594,953913,11743,976984,11936,978426,11951,978810,11951,979140,11952,979694,11952,986596,11967,997346,12001,999742,12018,1000556,12019,1000889,12019,1001000,12019,1001100,12020,1001145,12020,1001154,12020,1.2006144908775274
Netherlands,0,0,10,0,13686,1040,39987,4811,46748,5975,50545,6132,55021,6166,73694,6252,129240,6457,366323,7459,535975,9453,816565,11525,995263,14108,1107326,15688,1300633,16689,1528728,17398,1679064,17897,1713572,18028,1897647,18114,1979267,18368,2043142,18584,2179684,18850,2702972,19863,3198704,21392,4624716,21809,6451397,22142,7951853,22583,8145596,22855,8187211,22933,8290330,23000,8439920,23122,8496405,23239,8541285,23292,8622874,23459,8654001,23568,8681537,23697,8695133,23702,8708982,23705,8712835,23705,0.2720698831092291
New Zealand,0,0,1,0,647,1,1479,20,1504,23,1528,23,1562,23,1752,25,1848,26,1959,26,2059,26,2162,26,2304,27,2378,28,2501,28,2613,28,2674,28,2743,28,2874,28,3570,29,4292,29,6595,31,11724,41,14120,48,16622,52,118822,84,674705,365,941736,637,1176499,891,1351585,1107,1628005,1503,1749378,1909,1785945,2031,1858163,2107,1951642,2213,2101244,2332,2190095,2479,2224660,2544,2236114,2550,0.11403711975328627
Nicaragua,0,0,0,0,4,1,13,3,885,35,2014,74,3080,116,3659,137,4146,151,4424,156,4629,160,4829,165,4992,169,5142,173,5326,178,5498,182,5833,186,6604,191,7592,195,8867,199,11273,204,12866,208,13330,212,13563,217,13681,220,13958,224,14269,230,14395,234,14508,238,14690,242,14807,244,14931,244,15070,245,15166,245,15250,245,15365,245,15569,245,15627,245,15655,245,1.5649952091983392
Niger,0,0,0,0,27,3,719,32,958,64,1075,67,1134,69,1176,69,1197,69,1220,69,1548,72,3323,104,4517,159,4740,172,5001,186,5228,191,5410,192,5489,193,5623,195,5849,199,6008,201,6366,213,7007,259,7405,275,8652,298,8754,307,8801,308,8941,309,9031,310,9031,310,9104,311,9331,312,9405,313,9425,314,9434,314,9473,314,9508,315,9508,315,9508,315,3.3129995793016405
Nigeria,0,0,1,0,135,2,1932,58,10162,287,25694,590,43151,879,54008,1013,58848,1112,62853,1144,67557,1173,87607,1289,131242,1586,155657,1907,162891,2057,165110,2063,166518,2099,167618,2120,173908,2149,192431,2469,205779,2721,211961,2896,214218,2977,241513,3030,253181,3136,254560,3142,255415,3142,255716,3143,256028,3143,257290,3144,260977,3147,263526,3148,265382,3155,266138,3155,266283,3155,266381,3155,266463,3155,266593,3155,266598,3155,1.1834297331562877
North Macedonia,0,0,1,0,329,9,1465,77,2226,133,6334,302,10754,486,14341,603,17977,739,31572,994,61878,1763,83329,2503,92693,2855,102787,3137,130022,3781,152367,4855,155272,5413,155684,5484,156380,5493,176494,5938,191408,6668,202552,7132,215585,7581,225049,7960,268901,8409,297262,9010,305979,9221,309571,9280,311936,9303,314018,9325,327009,9370,340341,9489,342961,9534,344146,9564,344710,9568,345603,9614,346428,9638,346852,9662,346852,9662,2.7856261460219347
Norway,0,0,15,0,4641,39,7738,210,8440,236,8879,250,9240,255,10782,264,14027,274,20331,282,36150,332,49567,436,62966,564,71006,622,96079,673,112970,756,125116,783,131316,794,137627,799,160174,814,189431,861,207280,900,267843,1054,394259,1305,781049,1440,1242160,1598,1405960,2518,1426013,2932,1433641,3141,1447270,3337,1455796,3623,1460127,3980,1462408,4098,1464946,4208,1469061,4384,1475077,4670,1477856,5112,1479032,5175,1479506,5213,0.3523473375572657
Oman,0,0,6,0,192,1,2348,11,11437,49,40070,176,79159,421,85722,685,98585,935,114434,1208,123699,1423,128867,1499,134326,1529,141496,1570,159218,1678,193253,2010,217224,2345,268545,3100,295857,3814,302300,4064,303769,4096,304291,4111,304554,4113,305489,4116,338880,4146,382244,4244,388343,4250,389126,4258,389473,4260,390244,4628,395737,4628,397846,4628,398424,4628,398775,4628,399119,4628,399154,4628,399449,4628,399449,4628,399449,4628,1.1585959659430867
Pakistan,0,0,4,0,2118,27,18114,417,72460,1543,213470,4395,278305,5951,295849,6294,312806,6484,333970,6823,400482,8091,482178,10176,546428,11683,581365,12896,672931,14530,825519,17957,922824,20850,958408,22321,1034837,23422,1163688,25889,1246538,27785,1273560,28456,1285254,28737,1295933,28933,1430366,29301,1510221,30196,1524973,30359,1527956,30369,1530453,30379,1536479,30395,1554591,30487,1569076,30581,1572598,30616,1574094,30626,1575225,30632,1575772,30636,1576312,30640,1576998,30643,1577411,30644,1.9426769561008514
Palau,0,0,0,0,0,0,0,0,0,0,0,0,0,0,0,0,0,0,0,0,0,0,0,0,0,0,0,0,0,0,0,0,0,0,0,0,0,0,2,0,5,0,8,0,8,0,10,0,1633,0,3781,6,4024,6,4610,6,5065,6,5220,6,5308,6,5348,6,5460,6,5513,7,5785,7,5971,9,5986,9,5988,9,5991,9,0.15022533800701052
Panama,0,0,0,0,1181,30,6532,188,13463,336,33550,631,65256,1421,92982,2002,112595,2372,133598,2700,165806,3079,246790,4022,320379,5270,340915,5845,355051,6114,364576,6232,378097,6371,403778,6545,435655,6823,457487,7061,467113,7228,472664,7315,477742,7365,495920,7428,697124,7716,755498,8083,764536,8170,776420,8184,858268,8255,921364,8364,948473,8412,978181,8470,986866,8497,990413,8509,1002161,8526,1023778,8567,1029701,8596,1031273,8604,1031731,8609,0.8344229261309393
Papua New Guinea,0,0,0,0,1,0,8,0,8,0,11,0,72,2,459,5,534,7,589,7,656,7,780,9,851,9,1275,12,5991,60,10997,107,15910,162,17098,173,17717,192,17838,192,20221,229,29715,370,35179,546,36158,590,36866,597,41290,638,43203,640,43817,650,44481,651,44717,662,44784,663,44880,664,44997,668,45465,668,46146,668,46663,669,46750,670,46792,670,46825,670,1.430859583555793
Paraguay,0,0,0,0,69,3,266,10,986,11,2221,17,5338,49,17662,326,40758,857,63185,1404,82424,1756,107932,2262,133227,2719,159474,3181,214667,4206,279077,6385,355384,9186,423282,12895,452388,14981,458528,15767,459967,16198,461006,16246,463058,16472,466101,16624,583662,17321,641321,18359,647950,18664,649455,18870,650661,18894,655532,18963,707109,19220,715162,19478,716543,19591,717955,19601,718164,19621,792215,19688,806256,19820,808327,19870,808401,19878,2.458928180445101
Peru,0,0,0,0,1065,138,36976,4782,164476,20710,285213,37898,407492,55982,647166,73612,811768,82135,900180,86494,962530,89449,1015137,93070,1138239,103810,1323863,122502,1548807,143416,1799445,166701,1955469,183783,2052065,192331,2111393,196353,2149591,198263,2175305,199367,2201796,200246,2236351,201176,2296831,202690,3239538,205834,3517260,210672,3547125,212222,3565253,212824,3580960,213195,3626802,213509,3909870,214303,4103874,215762,4144416,216575,4156924,217012,4252383,217414,4458643,218232,4481246,218931,4486034,219439,4487553,219539,4.8921762038242225
Philippines,1,0,3,1,2084,88,8488,568,18086,957,37514,1266,93354,2023,220819,3558,311694,5504,380729,7221,431630,8392,474064,9244,525618,10749,576352,12318,747288,13297,1037460,17234,1230301,20966,1412559,24662,1588965,27889,1989857,33448,2549966,38294,2787276,43172,2832734,48545,2843979,51504,3560202,54003,3661997,56451,3678245,59249,3685643,60341,3690581,60455,3704407,60555,3776627,60727,3880229,61814,3948040,62947,4004465,64074,4036277,64641,4064443,65385,4073203,65779,4076307,66111,4077452,66188,1.6232686491465749
Poland,0,0,0,0,2311,33,12877,644,23786,1064,34393,1463,45688,1716,67372,2039,91514,2513,362731,5631,990811,17150,1294878,28554,1513385,37180,1706986,43769,2321717,53045,2792142,67502,2872283,73745,2879912,75021,2882939,75261,2888670,75345,2907071,75650,3025247,76999,3540061,83583,4108215,97054,4886154,105194,5667054,111317,5962931,115173,5996514,116059,6007584,116318,6014992,116424,6069665,116570,6176885,117093,6293558,117569,6340435,118124,6352755,118319,6368479,118533,6379391,118727,6419480,118884,6444960,119010,1.8465591718179786
Portugal,0,0,0,0,7443,160,25045,989,32500,1410,42141,1576,51072,1735,58012,1822,75542,1971,141279,2507,298061,4505,413678,6906,720516,12482,804562,16317,821722,16848,836493,16974,849093,17025,879557,17096,968631,17361,1037927,17743,1069279,17975,1090651,18157,1147249,18441,1389646,18955,2689167,19905,3381602,21063,3738919,21695,4027684,22280,4683018,23115,5171236,24149,5340612,24592,5420140,24855,5493540,25031,5520731,25228,5542265,25450,5554058,25714,5563907,26022,5566708,26117,5570473,26266,0.47152189769163233
Qatar,0,0,1,0,781,2,13409,10,56910,38,96088,113,110695,174,118778,197,125760,214,132556,232,138833,237,143834,245,151335,248,163664,258,179964,291,205652,458,217458,556,222071,590,226239,601,232744,602,236643,606,239247,610,243447,611,250528,618,339147,645,356982,670,361415,677,364602,677,368788,677,382635,679,408656,681,429396,681,451168,682,469267,684,478848,685,489428,685,492482,686,494056,686,495090,688,0.1389646326930457
Romania,0,0,3,0,2245,82,12240,717,19257,1266,26970,1651,50886,2343,87540,3621,127572,4825,241339,6968,475362,11331,632263,15767,728743,18335,801994,20350,952803,23538,1055265,28109,1077737,30312,1080792,33786,1083189,34281,1098765,34570,1233668,37041,1648031,47751,1779667,56529,1808891,58752,2216525,60025,2733484,63414,2853570,65015,2893876,65486,2909195,65684,2919461,65739,3063647,65999,3219354,66709,3268562,67021,3286735,67186,3296834,67276,3308480,67374,3325006,67576,3340342,67704,3346046,67736,2.024359497747491
Russia,2,0,2,0,2337,17,106498,1073,405843,4693,646929,9306,838461,13939,992402,17128,1170799,20630,1606267,27787,2275936,39491,3127347,56271,3808348,72029,4198400,84700,4494234,97219,4750755,108290,5013512,119464,5449594,132973,6185249,155952,6820697,180009,7401104,203549,8377984,234194,9468640,269900,10320405,302671,11670366,324672,16161596,344655,17583111,361348,17917191,368319,18063880,371464,18161238,373404,18330786,374683,19244647,376558,20684948,379438,21124658,382302,21284476,384103,21490515,385789,21640952,387113,21960719,388126,22075858,388478,1.7597413427826905
Rwanda,0,0,0,0,75,0,243,0,370,1,1025,2,2022,5,4063,16,4840,29,5137,35,5934,49,8383,92,15304,196,18850,261,21783,307,25116,335,26963,353,39047,438,70698,808,87627,1089,97517,1273,99698,1331,100349,1342,111786,1350,128891,1440,129502,1457,129722,1459,129806,1459,130057,1459,131021,1460,132239,1466,132439,1466,132500,1466,132584,1467,132762,1467,132920,1467,133090,1468,133180,1468,133194,1468,1.1021517485772632
Saint Kitts and Nevis,0,0,0,0,8,0,15,0,15,0,15,0,17,0,17,0,19,0,19,0,22,0,32,0,37,0,41,0,44,0,44,0,68,0,446,3,593,3,1091,3,1918,13,2669,23,2786,28,2999,28,5422,33,5530,42,5549,43,5562,43,5729,43,6065,43,6462,46,6512,46,6544,46,6548,46,6556,46,6562,46,6592,46,6596,47,6597,47,0.7124450507806579
Saint Lucia,0,0,0,0,13,0,17,0,18,0,19,0,25,0,26,0,27,0,78,0,259,2,353,5,1195,13,3390,35,4238,60,4552,74,5067,79,5296,84,5610,89,8219,104,11459,201,12559,255,13000,280,13570,295,20942,328,22694,358,22953,365,23394,368,25593,371,27022,383,27966,385,28775,391,29408,393,29639,407,29711,408,29741,409,29803,409,29882,409,30004,409,1.3631515797893614
Saint Vincent and the Grenadines,0,0,0,0,1,0,16,0,26,0,29,0,54,0,60,0,64,0,74,0,85,0,121,0,901,2,1556,8,1748,10,1864,11,2035,12,2225,12,2291,12,2336,12,3508,21,4995,68,5525,74,5850,81,7903,94,8309,106,8335,106,8419,106,8670,107,9051,112,9354,115,9428,115,9448,116,9457,116,9474,116,9538,119,9585,123,9589,123,9589,123,1.2827197830847845
Samoa,0,0,0,0,0,0,0,0,0,0,0,0,0,0,0,0,0,0,0,0,2,0,2,0,2,0,3,0,3,0,3,0,3,0,3,0,3,0,3,0,3,0,3,0,3,0,3,0,32,0,33,0,1713,0,9592,19,13499,26,14906,29,15405,29,15839,29,15925,29,15946,29,15967,29,15982,29,16087,29,16607,29,16607,29,0.17462515806587584
San Marino,0,0,1,1,236,26,563,41,687,42,713,42,716,42,735,42,749,42,958,42,1609,45,2333,59,3025,67,3716,74,4732,84,5060,90,5090,90,5092,90,5143,90,5331,90,5440,91,5547,92,6039,93,8202,100,12884,109,14369,112,15345,113,16437,115,17124,115,18016,115,19793,118,20373,118,20793,118,21604,119,22167,119,23008,121,23427,122,23536,122,23616,122,0.51659891598916
Sao Tome and Principe,0,0,0,0,0,0,14,0,483,12,714,13,871,15,896,15,911,15,945,16,991,17,1014,17,1257,17,1786,29,2223,34,2302,35,2345,38,2366,37,2454,37,2608,37,3459,50,3714,56,3731,56,3897,57,5890,69,5934,72,5945,73,5957,73,5991,73,6043,73,6100,74,6153,76,6230,77,6266,77,6278,77,6279,77,6280,77,6281,77,6281,77,1.2259194395796849
Saudi Arabia,0,0,0,0,1563,10,22753,162,85261,503,190823,1649,275905,2866,315772,3897,334605,4768,347282,5402,357360,5896,362741,6223,368074,6375,377383,6494,390007,6669,417363,6957,450436,7362,487592,7819,525730,8237,543318,8512,547134,8716,548617,8794,549752,8836,556236,8877,687264,8940,745027,8998,750814,9045,754011,9088,768079,9148,795186,9208,809672,9251,813461,9295,816498,9352,822459,9407,825597,9464,827004,9518,827962,9574,829478,9614,830127,9618,1.1586178982252113
Senegal,0,0,0,0,175,0,933,9,3645,42,6793,112,10232,205,13611,284,14982,311,15616,324,16089,333,19140,410,26523,628,34520,872,38705,1051,40344,1107,41416,1139,43128,1166,62290,1353,72805,1765,73775,1858,73917,1878,73987,1885,75055,1890,84999,1946,85693,1960,85895,1964,85997,1967,86111,1966,86325,1968,87386,1968,88098,1968,88398,1968,88679,1968,88873,1968,88900,1968,88902,1971,88917,1971,88926,1971,2.2164496322785237
Serbia,0,0,0,0,900,16,9009,179,11412,243,14564,277,25552,573,31406,713,33551,749,46954,820,175438,1604,337923,3211,395263,4020,459259,4443,600596,5308,689557,6362,712472,6865,716562,7047,721918,7114,762933,7292,941989,8234,1142749,9955,1254845,11691,1299339,12714,1677798,13629,1910975,15241,1976567,15799,2006353,15991,2017454,16081,2029403,16126,2123025,16280,2283195,16684,2361738,17006,2404112,17242,2423385,17387,2446253,17519,2471198,17701,2492563,17826,2500142,17881,0.7151993766754048
Seychelles,0,0,0,0,8,0,11,0,11,0,81,0,114,0,131,0,141,0,152,0,172,0,226,0,1186,3,2592,11,4114,20,5838,27,11468,40,15671,56,18328,79,20038,102,21473,112,22243,119,23417,125,24788,134,37190,154,39336,163,40421,164,42502,166,44016,167,44669,167,45429,168,46081,169,47141,169,49035,171,50068,171,50355,172,50665,172,50665,172,50665,172,0.3394848514753775
Sierra Leone,0,0,0,0,1,0,124,7,861,46,1462,60,1823,67,2022,70,2231,72,2366,74,2412,74,2611,76,3593,79,3887,79,3980,79,4054,79,4147,79,5575,100,6283,120,6367,121,6394,121,6397,121,6402,121,7064,123,7623,125,7665,125,7674,125,7681,125,7682,125,7695,125,7734,125,7747,126,7751,126,7754,126,7759,126,7760,126,7760,126,7760,126,7760,126,1.6237113402061858
Singapore,13,0,102,0,926,3,16169,15,34884,23,43907,26,52205,27,56812,27,57765,27,58015,28,58218,29,58599,29,59536,29,59936,29,60381,30,61145,30,62051,33,62579,36,64981,37,67620,55,96521,95,198374,407,264725,718,279405,828,352811,855,724424,1019,1096428,1268,1193250,1335,1303294,1389,1444068,1413,1714056,1500,1839244,1592,1907907,1618,2102372,1680,2167897,1703,2202214,1711,2217110,1722,2226397,1722,2235294,1722,0.07703684615983401
Slovakia,0,0,0,0,363,0,1396,23,1521,28,1667,28,2292,29,3917,33,10141,48,59823,219,121347,839,274603,2138,436016,4642,588671,7189,707876,9719,754078,11684,771008,12343,775011,12510,776444,12540,779767,12548,804372,12637,898926,13034,1170200,14418,1371082,16635,1569299,17830,2119358,18485,2443137,19352,2528216,19879,2542564,20100,2551116,20147,2581047,20223,2580748,20236,2625317,20457,2643182,20606,2650230,20733,2657292,20823,2660689,20942,2665303,21021,2667551,21035,0.7885509967756943
Slovenia,0,0,0,0,802,15,1429,91,1473,108,1600,111,2156,119,2883,133,5690,150,34307,338,75814,1435,122152,2697,166473,3503,190081,3836,215602,4047,240292,4250,253722,4375,257335,4419,259215,4429,267198,4450,293364,4561,335850,4745,420898,5224,464048,5589,710821,5866,892620,6307,968109,6487,1010058,6592,1025030,6637,1038716,6651,1083067,6698,1126715,6783,1183392,6822,1233482,6889,1258446,6933,1307442,7008,1321579,7056,1328222,7071,1331707,7078,0.5314982950453816
Solomon Islands,0,0,0,0,0,0,0,0,0,0,0,0,0,0,0,0,0,0,8,0,17,0,17,0,17,0,18,0,19,0,20,0,20,0,20,0,20,0,20,0,20,0,20,0,20,0,24,0,1183,9,7049,99,11470,133,14786,141,18174,146,21544,153,21544,153,21544,153,21544,153,21544,153,24575,153,24575,153,24575,153,24575,153,24575,153,0.6225839267548322
Somalia,0,0,0,0,5,0,601,28,1976,78,2924,90,3212,93,3310,98,3588,99,3941,104,4451,113,4714,130,4784,130,7257,239,11398,529,13915,713,14662,769,14946,775,15403,811,17466,977,19980,1111,21998,1208,23016,1327,23532,1333,25388,1335,26313,1348,26410,1361,26485,1361,26565,1361,26803,1361,26957,1361,27020,1361,27214,1361,27237,1361,27286,1361,27300,1361,27318,1361,27324,1361,27324,1361,4.980969111403894
South Africa,0,0,0,0,1353,5,5647,103,32683,683,151209,2657,493183,8005,627041,14149,674339,16734,725452,19276,790004,21535,1057161,28469,1453761,44164,1513393,49993,1548157,52846,1581210,54350,1665617,56506,1973972,60647,2447454,72013,2777659,82261,2902672,87626,2922116,89177,2968052,89843,3458286,91145,3605222,95093,3674042,99412,3718953,100032,3791125,100363,3957777,101190,3993444,101764,4005124,101982,4011937,102084,4019077,102185,4028308,102311,4041890,102428,4049202,102568,4055966,102595,4063573,102595,4067067,102595,2.522579539505988
South Sudan,0,0,0,0,0,0,35,0,994,10,2007,38,2322,46,2527,47,2704,49,2905,58,3109,61,3558,63,3929,64,7926,93,10165,109,10583,115,10688,115,10834,117,11049,119,11436,120,12010,130,12361,133,12758,133,15242,135,16794,137,16973,137,17262,138,17461,138,17617,138,17722,138,17733,138,17823,138,17823,138,17823,138,18350,138,18368,138,18368,138,18368,138,18368,138,0.7513066202090593
Spain,0,0,45,0,95923,8464,213435,24543,239479,27127,249271,28355,288522,28445,462858,29094,769188,31791,1185678,35878,1648187,45069,1928265,50837,2743119,58319,3188553,69142,3284353,75459,3524077,78216,3678390,79953,3808960,80875,4447044,81486,4855065,84340,4959091,86415,5011148,87368,5164184,88052,6294745,89405,9961253,93225,10977524,99410,11508309,102218,11896152,104456,12326264,106341,12734038,107906,13226579,110719,13342530,112600,13422984,114179,13511768,115078,13595504,115901,13684258,117095,13731478,118434,13763336,119380,13770429,119479,0.8676490761471556
Sri Lanka,1,0,1,0,143,2,663,7,1633,10,2047,11,2815,11,3049,12,3380,13,10663,20,23987,118,43299,204,64157,316,83094,464,92706,568,108146,678,186364,1441,259089,3077,308812,4436,440302,9185,517377,12906,541073,13743,563989,14346,587245,14979,611185,15441,646034,16222,661631,16477,663362,16504,663834,16517,664123,16521,665739,16556,669957,16698,670773,16761,671087,16780,671682,16803,671891,16817,671989,16828,672030,16830,672039,16830,2.5043189457754687
Sudan,0,0,0,0,7,2,375,31,4800,286,9372,572,11579,746,13189,823,13646,836,13804,837,18045,1249,25500,1468,29380,1807,30347,1880,31833,2063,33944,2349,35495,2631,36658,2754,37138,2776,37709,2831,38283,2902,40433,3099,43084,3159,46518,3331,57632,3441,61458,3908,61955,4907,62117,4931,62355,4942,62624,4951,63006,4957,63228,4961,63285,4961,63481,4972,63637,4990,63686,4994,63742,5001,63787,5011,63829,5017,7.860063607451158
Summer Olympics 2020,0,0,0,0,0,0,0,0,0,0,0,0,0,0,0,0,0,0,0,0,0,0,0,0,0,0,0,0,0,0,0,0,0,0,6,0,246,0,804,0,865,0,865,0,865,0,865,0,865,0,865,0,865,0,865,0,865,0,865,0,865,0,865,0,865,0,865,0,865,0,865,0,865,0,865,0,865,0,0.0
Suriname,0,0,0,0,9,0,10,1,23,1,515,13,1650,26,4034,71,4877,104,5203,111,5312,117,6210,122,8438,154,8929,172,9122,177,10363,204,14954,302,21732,522,25351,649,29293,721,41631,884,49019,1092,50848,1167,52446,1189,73769,1263,78216,1317,79221,1324,79336,1328,80547,1350,80864,1369,80966,1380,81039,1383,81106,1385,81185,1390,81581,1393,81581,1393,82020,1398,82227,1400,82467,1404,1.702499181490778
Sweden,0,0,14,0,4834,385,21601,2586,38661,4395,67924,5333,77076,5743,84379,5821,92863,5893,124355,5938,243129,6681,437379,8727,566957,11591,657309,12826,804886,13465,973604,14048,1068473,14451,1089990,14629,1100040,14655,1126813,14692,1152886,14864,1171512,15025,1204859,15151,1314784,15310,2070456,15855,2441142,17142,2487852,18365,2500917,18772,2507948,18977,2519199,19124,2539715,19358,2564423,19810,2588441,20225,2611580,20659,2626686,21034,2674862,21827,2693458,23279,2697827,23662,2699339,23777,0.880845273602167
Switzerland,0,0,18,0,16605,485,29586,1665,30862,1796,31714,1809,35232,1827,42177,1848,53282,1908,154251,2378,327072,5053,452296,7873,521320,9523,554932,10016,601124,10297,659974,10555,694740,10712,703004,10773,717665,10793,779666,10899,840363,11087,872558,11234,1014662,11522,1332615,12217,2220539,12708,2801951,13101,3497499,13564,3619598,13712,3674986,13800,3759730,13831,3949259,13891,4045011,13974,4103959,14009,4232022,14065,4337983,14137,4399516,14173,4407915,14244,4412439,14203,4413911,14210,0.3219367132685729
Syria,0,0,0,0,10,2,43,3,122,5,279,9,757,43,2765,112,4200,200,5728,288,7887,417,11434,711,14048,921,15588,1027,18909,1265,22733,1592,24495,1770,25515,1876,25963,1914,27915,2013,34205,2247,43146,2558,48170,2749,50278,2897,51402,2989,54575,3075,55695,3141,55813,3150,55892,3150,55927,3150,56275,3150,57043,3163,57302,3163,57360,3163,57399,3163,57423,3163,57453,3164,57467,3164,57467,3164,5.505768528024779
Taiwan*,10,0,39,1,322,5,429,6,442,7,447,7,467,7,488,7,514,7,555,7,675,7,799,7,911,8,955,9,1030,10,1128,12,8511,124,14804,648,15674,787,15995,835,16223,842,16412,847,16601,848,17029,850,18790,851,20489,853,23394,853,115883,865,2032983,2255,3767283,6651,4588185,8927,5308029,9914,6461400,11053,7712726,12831,8313366,14334,8847360,15253,9537823,16308,9970937,17672,9970937,17672,0.1772350983663822
Tajikistan,0,0,0,0,0,0,0,0,3807,47,5900,52,7366,60,8550,68,9726,75,10977,82,12155,86,13665,90,13714,91,13714,91,13714,91,13714,91,13714,91,13905,91,15482,122,17252,125,17484,125,17486,125,17493,125,17493,125,17706,125,17786,125,17786,125,17786,125,17786,125,17786,125,17786,125,17786,125,17786,125,17786,125,17786,125,17786,125,17786,125,17786,125,17786,125,0.7027999550208028
Tanzania,0,0,0,0,19,1,480,16,509,21,509,21,509,21,509,21,509,21,509,21,509,21,509,21,509,21,509,21,509,21,509,21,509,21,509,21,1017,21,1367,50,25846,50,26154,725,26270,730,29306,737,33230,789,33620,798,33815,800,33872,803,35354,840,35768,841,37510,841,38712,841,39440,845,39920,845,40656,845,42351,845,42664,846,42823,846,42906,846,1.9717522024891625
Thailand,19,0,42,0,1651,10,2954,54,3081,57,3171,58,3310,58,3412,58,3564,59,3780,59,3998,60,6884,61,18782,77,25951,83,28863,94,65153,203,159792,1031,259301,2023,597287,4857,1204729,11589,1603474,16727,1912024,19205,2115872,20771,2223435,21698,2440542,22173,2891927,22933,3628347,25130,4250949,28526,4450457,30019,4522915,30648,4592284,31404,4652923,32328,4682132,32771,4692448,32955,4707244,33180,4721808,33594,4726984,33865,4728035,33911,4728182,33918,0.7173581727606932
Timor-Leste,0,0,0,0,1,0,24,0,24,0,24,0,24,0,27,0,28,0,30,0,30,0,44,0,70,0,113,0,604,0,2276,3,6994,16,9222,23,10898,26,16682,67,19498,117,19790,122,19823,122,19837,122,19946,122,22693,128,22830,130,22865,130,22915,131,22957,133,22999,133,23170,138,23257,138,23301,138,23343,138,23386,138,23415,138,23418,138,23419,138,0.5892651266066016
Togo,0,0,0,0,34,1,116,9,442,13,650,14,941,19,1400,28,1784,48,2331,57,2974,64,3633,68,5074,77,6901,84,10249,109,12967,123,13466,125,13917,129,15798,152,21261,185,25429,229,26079,242,26265,243,30163,248,36491,268,36798,272,36939,272,36985,273,37095,273,37403,275,38084,279,38491,282,39053,285,39299,290,39328,290,39343,290,39354,290,39377,290,39396,290,0.7361153416590517
Tonga,0,0,0,0,0,0,0,0,0,0,0,0,0,0,0,0,0,0,0,0,0,0,0,0,0,0,0,0,0,0,0,0,0,0,0,0,0,0,0,0,0,0,1,0,1,0,1,0,1,0,355,0,6423,6,10196,11,11644,12,12301,12,12554,12,15235,12,16182,12,16182,12,16182,12,16211,12,16734,13,16801,13,16810,13,0.07733491969066032
Trinidad and Tobago,0,0,0,0,87,3,116,8,117,8,130,8,169,8,1759,22,4531,76,5692,108,6669,120,7150,127,7564,134,7713,139,8026,142,10824,169,23909,495,32793,847,38811,1070,44847,1291,50709,1482,57329,1696,71361,2158,91899,2869,111549,3404,127767,3628,137860,3750,147867,3829,161584,3917,167097,4011,171510,4053,179146,4144,183181,4207,184713,4249,185377,4267,186033,4283,187908,4326,189296,4347,189918,4355,2.2930949146473742
Tunisia,0,0,0,0,394,10,994,41,1077,48,1174,50,1535,50,3803,77,18413,265,59813,1317,96769,3260,139140,4676,208885,6754,233277,8001,254018,8812,309119,10722,345474,12654,420103,14959,589565,19686,664034,23451,707190,24890,712747,25241,717572,25373,726706,25569,909813,26288,998230,27784,1035884,28323,1040193,28550,1042872,28641,1052180,28691,1128693,29041,1143862,29234,1145686,29249,1146152,29257,1147072,29268,1147571,29284,1150356,29308,1150962,29331,1151126,29341,2.548895603087759
Turkey,0,0,0,0,13531,214,120204,3174,163942,4540,199906,5131,230873,5691,270133,6370,318663,8195,375367,10252,638847,13746,2208652,20881,2477463,25993,2701588,28569,3317182,31537,4820591,40131,5249404,47527,5425652,49732,5727045,51332,6388331,56710,7154070,64054,8032988,70611,8795588,76842,9482550,82361,11619882,87416,14089456,94445,14860560,98033,15032093,98771,15072747,98965,15123331,99032,15889495,99341,16671848,100400,16873793,101139,16919638,101203,16919638,101203,16919638,101203,17042722,101492,17042722,101492,17042722,101492,0.5955151999780316
Tuvalu,0,0,0,0,0,0,0,0,0,0,0,0,0,0,0,0,0,0,0,0,0,0,0,0,0,0,0,0,0,0,0,0,0,0,0,0,0,0,0,0,0,0,0,0,0,0,0,0,0,0,0,0,0,0,0,0,3,0,3,0,8,0,20,0,20,0,23,0,2805,0,2805,0,2805,0,2805,0,2805,0,0.0
US,8,0,25,1,192079,5359,1081150,66638,1791547,107857,2648797,127432,4548497,153969,6046489,182794,7246200,205957,9176352,230545,13667915,270601,20219878,350604,26357107,446602,28764298,511827,30579485,548349,32468055,572156,33386447,590261,33782325,600689,35107404,609480,39395088,637765,43539596,696889,46053361,744886,48606339,779427,54907717,825468,75244152,888905,79181996,950322,80221585,983142,81466441,996086,84327544,1007077,87675415,1017377,91345425,1030088,94528255,1046240,96361580,1059507,97491766,1070376,98813321,1080466,100765333,1092764,102362870,1108688,103443455,1119917,103802702,1123836,1.0826654589395948
Uganda,0,0,0,0,44,0,83,0,417,0,889,0,1154,3,2972,32,8129,75,12495,111,20459,205,35216,251,39579,324,40357,334,40867,335,41866,342,47147,362,79977,1023,93927,2690,119915,3012,123572,3156,126171,3215,127550,3252,140737,3294,161839,3533,163307,3588,163905,3596,164084,3597,164366,3602,167719,3621,169230,3628,169396,3628,169396,3630,169473,3630,169733,3630,169985,3630,170400,3630,170504,3630,170544,3630,2.128482972136223
Ukraine,0,0,0,0,645,17,10406,261,23672,708,45254,1173,71404,1717,124132,2605,214446,4221,399330,7399,752343,12731,1086997,19281,1261546,23860,1395528,27404,1725029,34456,2124070,45923,2260899,52573,2300101,54581,2333409,55556,2384564,57004,2533301,59980,3058108,72073,3606622,91268,3847226,102088,4255206,106880,5066370,112902,5197694,114911,5233265,115361,5244223,115523,5287020,116364,5294643,116463,5329263,116591,5478025,117037,5601102,117881,5642645,118404,5662732,118689,5679371,118974,5693846,119149,5711929,119283,2.0883137728077505
United Arab Emirates,4,0,21,0,664,6,12481,105,34557,264,48667,315,60506,351,70231,384,94190,419,132629,495,168860,572,207822,669,303609,850,391524,1221,461444,1497,520236,1587,570836,1680,632907,1811,680858,1949,718370,2041,735992,2097,739905,2136,742041,2147,761937,2164,845058,2243,879973,2301,891300,2302,898571,2302,908205,2305,945800,2316,991564,2335,1015398,2341,1027502,2345,1037636,2348,1044343,2348,1047008,2348,1049409,2348,1051998,2349,1053213,2349,0.22303180838064096
United Kingdom,2,1,61,3,38788,5145,178765,39062,257535,52569,285213,56284,304789,57434,338076,57984,455847,58875,1014788,64308,1633679,77759,2496187,95107,3828131,131791,4188823,148638,4359979,152949,4432245,154069,4503229,154499,4817245,154982,5883411,156844,6821318,160192,7843855,164640,9100533,169243,10285443,173763,13010853,177869,17430856,184634,19021076,188575,21309769,193028,22213972,198162,22486997,200321,22918904,201790,23515892,205481,23738015,207831,23893361,209268,24122922,212350,24225062,214179,24365688,217054,24507298,220064,24603373,220721,24658705,220721,0.8951037777531302
Uruguay,0,0,0,0,338,1,643,17,823,22,936,27,1264,35,1595,44,2046,48,3124,58,5857,77,19119,181,41738,436,57994,608,105549,974,198428,2616,294503,4276,369350,5593,381517,5964,384934,6032,388928,6055,393899,6078,399695,6131,413383,6170,668425,6479,842462,6985,887935,7159,897867,7203,925777,7238,957629,7331,969803,7403,979160,7445,985422,7485,990560,7518,993875,7537,1011988,7562,1032710,7609,1034303,7617,1034303,7617,0.7364379683709706
Uzbekistan,0,0,0,0,172,2,2039,9,3623,15,8503,26,24009,141,41893,320,56717,470,66932,566,73094,610,77060,614,78711,621,79926,622,82869,629,90808,649,100335,690,110677,736,129327,874,156394,1082,173895,1239,185963,1323,193208,1402,198903,1485,223008,1564,236405,1635,237749,1637,238596,1637,239028,1637,240764,1637,243093,1637,243801,1637,244218,1637,244648,1637,246520,1637,249217,1637,250567,1637,250932,1637,251247,1637,0.6515500682595216
Vanuatu,0,0,0,0,0,0,0,0,0,0,0,0,0,0,0,0,0,0,0,0,1,0,1,0,1,0,1,0,3,0,4,1,4,1,4,1,4,1,4,1,4,1,6,1,6,1,7,1,7,1,18,1,3379,2,7330,13,9088,14,11266,14,11724,14,11815,14,11950,14,11981,14,11981,14,12013,14,12014,14,12014,14,12014,14,0.1165307141668054
Venezuela,0,0,0,0,135,3,333,16,1510,14,5832,51,18574,164,46728,386,75122,628,92013,798,102394,897,113558,1028,126927,1189,139116,1344,160497,1602,197683,2136,234165,2646,272712,3119,305766,3591,334343,4010,368968,4469,407151,4891,431296,5144,444635,5328,485974,5447,515124,5636,520373,5682,522325,5709,523654,5721,526022,5732,535836,5763,542508,5796,544803,5814,545899,5820,547396,5828,550522,5832,551587,5845,551981,5853,552162,5854,1.0601961018686545
Vietnam,2,0,16,0,212,0,270,0,328,0,355,0,558,3,1044,34,1094,35,1180,35,1347,35,1465,35,1817,35,2448,35,2603,35,2928,35,7432,47,17052,81,150060,1306,462096,11064,790755,19301,921122,22083,1238082,25252,1731257,32394,2275727,37777,3443485,40252,9564609,42493,10649809,43041,10719379,43079,10746470,43087,10779632,43093,11411679,43117,11479356,43148,11502885,43163,11515908,43175,11525231,43186,11526497,43186,11526917,43186,11526994,43186,0.3746510148265888
West Bank and Gaza,0,0,0,0,119,1,344,2,448,3,2428,8,11837,82,22729,152,39899,311,53520,483,85647,732,138004,1400,158962,1833,183612,2042,242353,2627,296462,3249,308350,3497,314167,3563,316738,3603,342282,3680,403716,4098,452997,4663,460053,4796,469748,4919,524716,5098,645947,5501,655750,5655,657060,5657,657705,5660,659853,5660,682096,5678,702332,5704,702768,5707,703036,5708,703036,5708,703228,5708,703228,5708,703228,5708,703228,5708,0.8116855415313383
Winter Olympics 2022,0,0,0,0,0,0,0,0,0,0,0,0,0,0,0,0,0,0,0,0,0,0,0,0,0,0,0,0,0,0,0,0,0,0,0,0,0,0,0,0,0,0,0,0,0,0,0,0,248,0,521,0,535,0,535,0,535,0,535,0,535,0,535,0,535,0,535,0,535,0,535,0,535,0,535,0,535,0,0.0
Yemen,0,0,0,0,0,0,6,2,323,80,1158,312,1728,493,1958,566,2034,587,2063,599,2077,605,2099,610,2121,615,2285,634,4357,888,6317,1226,6742,1321,6920,1361,7061,1375,7869,1472,9067,1721,9791,1889,10004,1950,10126,1984,11019,2012,11771,2135,11806,2143,11818,2149,11822,2149,11824,2149,11877,2151,11926,2155,11935,2157,11939,2158,11945,2159,11945,2159,11945,2159,11945,2159,11945,2159,18.07450816241105
Zambia,0,0,0,0,35,0,106,3,1057,7,1594,24,5963,151,12097,288,14759,332,16432,349,17647,357,20725,388,54217,763,78534,1091,88418,1208,91586,1251,95263,1281,154948,2199,195816,3389,206327,3602,209046,3648,209734,3661,210169,3667,254274,3734,305047,3917,312750,3952,316850,3966,319594,3976,321779,3987,325857,4006,329483,4015,332822,4016,333531,4017,333681,4017,333746,4019,334425,4024,340763,4047,343012,4057,343135,4057,1.1823334839057513
Zimbabwe,0,0,0,0,8,1,40,4,178,4,591,7,3169,67,6497,202,7838,228,8367,243,9950,276,13867,363,33388,1217,36089,1463,36882,1523,38257,1567,38961,1594,49864,1789,108860,3532,124773,4419,130820,4623,132977,4678,134625,4707,213258,5004,229666,5338,236380,5395,246286,5444,247875,5469,252398,5503,255586,5555,256378,5577,256726,5596,257465,5602,257893,5606,259164,5620,259981,5637,261606,5652,263921,5663,264276,5671,2.1458626587355645
